homeid,install_type,location,residents,starttime,starttime_enhanced,endtime,cohortid,income_band,study_class,hometype,equivalised_income,occupancy,urban_rural_class,urban_rural_name,build_era,new_build_year,smart_monitors,smart_automation,occupied_days,occupied_nights,entry_floor,outdoor_space,outdoor_drying
47,standard,Edinburgh,2,10/08/2016 00:00,,08/05/2017 09:00,treatment_20170315,Missing,treatment,flat,missing,multiple,1,Large Urban Areas,1900-1918,,Don't own,Don't own,2,7,3rd,No,
59,standard,Edinburgh,2,06/10/2016 00:00,,28/01/2018 07:56,control_20170315,"£90,000 or more",control,flat,above_median,multiple,1,Large Urban Areas,1900-1918,,Don't own,Don't own,3,7,Ground,Yes - shared with neighbours,Yes
61,enhanced,Edinburgh,2,06/10/2016 00:00,17/11/2016 00:00,19/10/2017 07:00,enhanced_20170213,"£48,600 to £53,999",enhanced,house_or_bungalow,above_median,multiple,1,Large Urban Areas,1919-1930,,Don't own,Don't own,2,7,Ground,Yes - shared with neighbours,Yes
62,enhanced,Edinburgh,2,26/08/2016 00:00,11/10/2016 00:00,30/06/2018 22:59,enhanced_20170213,"£43,200 to £48,599",enhanced,flat,above_median,multiple,1,Large Urban Areas,1850-1899,,Don't own,Don't own,1,7,2nd,Yes - shared with neighbours,Yes
64,standard,Edinburgh,4,20/10/2016 00:00,,30/06/2018 22:59,treatment_20170315,"£66,000 to £77,999",treatment,flat,above_median,multiple,1,Large Urban Areas,Before 1850,,Don't own,Don't own,6,7,1st,Yes - shared with neighbours,Yes
63,enhanced,Edinburgh,2,28/10/2016 00:00,02/12/2016 00:00,30/06/2018 22:59,enhanced_20170213,"£54,000 to £65,999",enhanced,house_or_bungalow,above_median,multiple,1,Large Urban Areas,1919-1930,,Don't own,Don't own,2,7,Ground,Yes - private,Yes
65,enhanced,Edinburgh,2,09/11/2016 00:00,24/01/2017 00:00,30/06/2018 22:59,enhanced_20170213,"£54,000 to £65,999",enhanced,house_or_bungalow,above_median,multiple,1,Large Urban Areas,1945-1964,,Don't own,Don't own,7,7,Ground,Yes - private,Yes
67,standard,Edinburgh,2,05/12/2016 00:00,,21/06/2018 07:00,treatment_20170315,"£27,000 to £32,399",treatment,flat,below_median,multiple,1,Large Urban Areas,1945-1964,,Don't own,Don't own,2,7,Ground,Yes - private,Yes
66,standard,Edinburgh,3,23/11/2016 00:00,,30/06/2018 22:59,treatment_20170315,"£66,000 to £77,999",treatment,house_or_bungalow,above_median,multiple,1,Large Urban Areas,1965-1980,,Don't own,Don't own,4,7,Ground,Yes - private,Yes
68,standard,Edinburgh,1,24/11/2016 00:00,,30/06/2018 22:59,treatment_20170512,"£48,600 to £53,999",treatment,house_or_bungalow,above_median,single,1,Large Urban Areas,1945-1964,,Don't own,Don't own,4,7,Ground,Yes - private,Yes
70,standard,Edinburgh,1,07/12/2016 00:00,,30/06/2018 22:59,treatment_20170406,"less than £10,800",treatment,flat,below_median,single,1,Large Urban Areas,2002 or later,2014,Don't own,Don't own,2,7,4th,Yes - shared with neighbours,No
73,enhanced,Edinburgh,3,15/12/2016 00:00,24/02/2017 00:00,30/06/2018 22:59,enhanced_20170307,Missing,enhanced,flat,missing,multiple,1,Large Urban Areas,1850-1899,,Don't own,Don't own,7,7,Ground,Yes - shared with neighbours,Yes
69,standard,Edinburgh,4,04/01/2017 00:00,,30/06/2018 22:59,treatment_20170315,"less than £10,800",treatment,house_or_bungalow,below_median,multiple,1,Large Urban Areas,1981-1990,,Don't own,Don't own,5,7,Ground,Yes - private,Yes
75,standard,Edinburgh,2,10/01/2017 00:00,,14/06/2018 09:00,treatment_20170315,"less than £10,800",treatment,flat,below_median,multiple,1,Large Urban Areas,2002 or later,2010,Don't own,Don't own,3,7,Ground,Yes - private,Yes
72,standard,Edinburgh,2,04/01/2017 00:00,,30/06/2018 22:59,treatment_20170315,"£37,800 to £43,199",treatment,flat,above_median,multiple,1,Large Urban Areas,1850-1899,,Don't own,Don't own,7,7,3rd,Yes - shared with neighbours,Yes
74,standard,Edinburgh,2,05/01/2017 00:00,,30/06/2018 22:59,control_20170315,"£23,400 to £26,999",control,flat,below_median,multiple,1,Large Urban Areas,1850-1899,,Don't own,Don't own,7,7,Basement (level -1),Yes - private,Yes
78,standard,Edinburgh,3,19/01/2017 00:00,,30/06/2018 22:59,control_20170406,"£23,400 to £26,999",control,flat,below_median,multiple,1,Large Urban Areas,1850-1899,,Don't own,Don't own,4,7,2nd,Yes - shared with neighbours,Yes
71,standard,Midlothian,1,11/01/2017 00:00,,30/06/2018 22:59,control_20170512,"£16,200 to £19,799",control,flat,below_median,single,1,Large Urban Areas,2002 or later,2012,Don't own,Don't own,2,7,3rd,Yes - shared with neighbours,No
77,standard,Edinburgh,1,17/01/2017 00:00,,30/06/2018 22:59,treatment_20170315,"£48,600 to £53,999",treatment,flat,above_median,single,1,Large Urban Areas,1931-1944,,Don't own,Don't own,2,7,Ground,Yes - private,Yes
76,standard,Edinburgh,4,18/01/2017 00:00,,30/06/2018 22:59,control_20170315,"£66,000 to £77,999",control,flat,above_median,multiple,1,Large Urban Areas,1850-1899,,Don't own,Don't own,7,7,Ground,Yes - private,Yes
79,standard,Edinburgh,3,17/01/2017 00:00,,30/06/2018 22:59,control_20170315,"£32,400 to £37,799",control,house_or_bungalow,below_median,multiple,1,Large Urban Areas,1965-1980,,Don't own,Don't own,6,7,Ground,Yes - private,Yes
80,standard,Edinburgh,1,24/01/2017 00:00,,06/05/2017 13:00,control_20170315,"£23,400 to £26,999",control,flat,above_median,single,1,Large Urban Areas,1900-1918,,Don't own,Don't own,2,7,Ground,Yes - shared with neighbours,No
81,standard,Edinburgh,2,26/01/2017 00:00,,14/06/2018 12:30,control_20170315,"£37,800 to £43,199",control,house_or_bungalow,above_median,multiple,1,Large Urban Areas,1931-1944,,Don't own,Don't own,7,7,Ground,Yes - private,Yes
88,standard,Edinburgh,1,02/02/2017 00:00,,19/06/2018 13:00,control_20170315,"£27,000 to £32,399",control,house_or_bungalow,above_median,single,1,Large Urban Areas,1965-1980,,Don't own,Don't own,1,7,Ground,Yes - private,Yes
86,standard,Edinburgh,2,02/02/2017 00:00,,19/06/2018 09:30,control_20170315,"£27,000 to £32,399",control,house_or_bungalow,below_median,multiple,1,Large Urban Areas,1945-1964,,Don't own,Don't own,7,7,Ground,Yes - private,Yes
83,standard,Edinburgh,2,31/01/2017 00:00,,19/06/2018 08:00,control_20170315,"£23,400 to £26,999",control,flat,below_median,multiple,1,Large Urban Areas,1850-1899,,Don't own,,7,7,Ground,Yes - shared with neighbours,Yes
82,standard,Edinburgh,2,30/01/2017 00:00,,30/06/2018 22:59,treatment_20170315,"£90,000 or more",treatment,house_or_bungalow,above_median,multiple,1,Large Urban Areas,Before 1850,,Don't own,Don't own,4,7,1st,No,
85,standard,Edinburgh,3,02/02/2017 00:00,,12/06/2018 14:30,control_20170315,"£32,400 to £37,799",control,flat,above_median,multiple,1,Large Urban Areas,1850-1899,,Don't own,Don't own,2,7,3rd,Yes - shared with neighbours,Yes
84,standard,Edinburgh,4,31/01/2017 00:00,,11/05/2017 09:00,control_20170315,"£54,000 to £65,999",control,flat,above_median,multiple,1,Large Urban Areas,1945-1964,,Don't own,Don't own,4,7,Ground,Yes - shared with neighbours,Yes
89,standard,Edinburgh,1,09/02/2017 00:00,,30/06/2018 22:59,treatment_20170315,"£48,600 to £53,999",treatment,house_or_bungalow,above_median,single,1,Large Urban Areas,Before 1850,,Don't own,Don't own,5,7,Ground,Yes - private,Yes
90,enhanced,Edinburgh,1,09/02/2017 00:00,11/04/2017 00:00,30/06/2018 22:59,enhanced_20170512,"less than £10,800",enhanced,house_or_bungalow,below_median,single,1,Large Urban Areas,1981-1990,,Don't own,Don't own,2,7,Ground,Yes - shared with neighbours,Yes
91,standard,Edinburgh,2,14/02/2017 00:00,,23/01/2018 12:06,control_20170512,"£32,400 to £37,799",control,flat,above_median,multiple,1,Large Urban Areas,1900-1918,,Don't own,Don't own,4,7,2nd,Yes - shared with neighbours,Yes
92,standard,Edinburgh,4,14/02/2017 00:00,,30/06/2018 22:59,treatment_20170315,"£78,000 to £89,999",treatment,house_or_bungalow,above_median,multiple,1,Large Urban Areas,1850-1899,,Own but don't use,Don't own,4,7,Ground,Yes - private,Yes
93,standard,Edinburgh,4,14/02/2017 00:00,,28/06/2018 07:30,control_20170315,"£48,600 to £53,999",control,flat,above_median,multiple,1,Large Urban Areas,1850-1899,,Don't own,Don't own,6,7,Ground,Yes - shared with neighbours,
98,standard,Edinburgh,3,02/03/2017 00:00,,30/06/2018 22:59,treatment_20170512,"£32,400 to £37,799",treatment,flat,below_median,multiple,1,Large Urban Areas,1850-1899,,Don't own,Don't own,2,7,2nd,Yes - shared with neighbours,Yes
94,standard,Edinburgh,2,21/02/2017 00:00,,30/06/2018 22:59,treatment_20170315,"£43,200 to £48,599",treatment,flat,above_median,multiple,1,Large Urban Areas,1900-1918,,Don't own,Don't own,3,7,Ground,Yes - private,Yes
96,enhanced,Midlothian,5,28/02/2017 00:00,09/08/2017 11:00,30/06/2018 22:59,enhanced_20170814,"£48,600 to £53,999",enhanced,house_or_bungalow,below_median,multiple,3+,Small Towns or Rural Areas,1919-1930,,Don't own,Don't own,4,7,Ground,Yes - private,Yes
97,standard,Edinburgh,3,02/03/2017 00:00,,30/06/2018 22:59,treatment_20170512,"£90,000 or more",treatment,flat,above_median,multiple,1,Large Urban Areas,1850-1899,,Don't own,Own and use,2,7,1st,Yes - private,Yes
100,standard,Midlothian,1,07/03/2017 00:00,,30/06/2018 22:59,treatment_20170406,"£27,000 to £32,399",treatment,flat,above_median,single,3+,Small Towns or Rural Areas,1919-1930,,,Don't own,2,7,Ground,Yes - private,Yes
101,standard,Midlothian,1,09/03/2017 00:00,,26/06/2018 15:00,treatment_20170512,"£32,400 to £37,799",treatment,house_or_bungalow,above_median,single,2,Other Urban Areas,1965-1980,,Don't own,Don't own,1,7,Ground,Yes - private,Yes
99,standard,Midlothian,4,07/03/2017 00:00,,30/06/2018 22:59,control_20170406,"£90,000 or more",control,house_or_bungalow,above_median,multiple,1,Large Urban Areas,1931-1944,,Don't own,Don't own,2,7,Ground,Yes - private,
102,standard,Edinburgh,3,09/03/2017 00:00,,12/06/2018 08:00,treatment_20170512,"£54,000 to £65,999",treatment,flat,above_median,multiple,1,Large Urban Areas,1945-1964,,Don't own,Don't own,6,7,Ground,Yes - private,Yes
107,standard,Midlothian,2,04/04/2017 01:00,,26/06/2018 14:30,treatment_20170512,"£23,400 to £26,999",treatment,house_or_bungalow,below_median,multiple,2,Other Urban Areas,2002 or later,2008,Don't own,Don't own,2,7,Ground,Yes - private,Yes
106,enhanced,Edinburgh,1,13/04/2017 03:00,17/05/2017 03:00,14/06/2018 11:30,enhanced_20170614,"£32,400 to £37,799",enhanced,flat,above_median,single,1,Large Urban Areas,1991-1995,,Don't own,Don't own,2,5,2nd,Yes - shared with neighbours,No
109,standard,Midlothian,4,13/04/2017 00:00,,26/06/2018 14:00,control_20170512,"£27,000 to £32,399",control,house_or_bungalow,below_median,multiple,2,Other Urban Areas,1981-1990,,Don't own,Don't own,3,7,Ground,Yes - private,
110,standard,Midlothian,3,18/04/2017 00:00,,29/06/2018 09:30,control_20170512,"£48,600 to £53,999",control,house_or_bungalow,above_median,multiple,2,Other Urban Areas,2002 or later,2015,Don't own,Don't own,2,7,Ground,Yes - private,Yes
105,enhanced,Midlothian,1,25/04/2017 00:00,18/05/2017 00:00,29/06/2018 11:00,enhanced_20170614,"£43,200 to £48,599",enhanced,flat,above_median,single,1,Large Urban Areas,1850-1899,,Don't own,Don't own,2,7,4th,Yes - shared with neighbours,No
114,standard,Edinburgh,2,13/06/2017 07:33,,30/06/2018 22:59,control_20170714,"less than £10,800",control,flat,below_median,multiple,1,Large Urban Areas,1850-1899,,Don't own,Don't own,2,7,1st,Yes - shared with neighbours,No
115,standard,Midlothian,3,13/06/2017 10:11,,27/06/2018 13:00,control_20170714,Missing,control,house_or_bungalow,missing,multiple,2,Other Urban Areas,1996-2001,,Don't own,Don't own,2,7,Ground,Yes - shared with neighbours,Yes
116,standard,Edinburgh,2,13/06/2017 14:11,,30/06/2018 22:59,treatment_20170714,"less than £10,800",treatment,flat,below_median,multiple,1,Large Urban Areas,1850-1899,,Don't own,Don't own,6,7,2nd,Yes - shared with neighbours,Yes
118,standard,Edinburgh,2,14/06/2017 07:13,,16/06/2018 08:30,control_20170714,"less than £10,800",control,flat,below_median,multiple,1,Large Urban Areas,2002 or later,,Don't own,Don't own,7,7,5th,No,
120,standard,Edinburgh,1,14/06/2017 11:42,,12/06/2018 14:00,control_20170714,"£13,500 to £16,199",control,house_or_bungalow,below_median,single,1,Large Urban Areas,1850-1899,,Don't own,Don't own,1,7,Ground,Yes - private,
121,standard,Edinburgh,2,14/06/2017 12:26,,30/06/2018 22:59,control_20170714,"£13,500 to £16,199",control,flat,below_median,multiple,1,Large Urban Areas,1900-1918,,Don't own,Don't own,7,7,2nd,Yes - shared with neighbours,Yes
126,standard,Midlothian,1,15/06/2017 07:39,,30/06/2018 22:59,treatment_20170714,Missing,treatment,house_or_bungalow,missing,single,2,Other Urban Areas,1945-1964,,Don't own,Don't own,1,5,Ground,Yes - private,Yes
129,standard,Edinburgh,3,15/06/2017 13:43,,26/06/2018 08:30,treatment_20170714,"£43,200 to £48,599",treatment,house_or_bungalow,above_median,multiple,1,Large Urban Areas,1965-1980,,Don't own,Don't own,7,7,Ground,Yes - private,
117,standard,Edinburgh,1,20/06/2017 07:48,,30/06/2018 22:59,control_20170714,"£32,400 to £37,799",control,flat,above_median,single,1,Large Urban Areas,1850-1899,,Don't own,Don't own,2,7,2nd,Yes - shared with neighbours,Yes
113,standard,WestLothian,3,20/06/2017 10:16,,19/06/2018 10:00,control_20170714,"£37,800 to £43,199",control,house_or_bungalow,above_median,multiple,3+,Small Towns or Rural Areas,1981-1990,,Don't own,Don't own,7,7,Ground,Yes - private,Yes
119,standard,Edinburgh,2,20/06/2017 13:13,,30/06/2018 22:59,treatment_20170714,"£32,400 to £37,799",treatment,flat,above_median,multiple,1,Large Urban Areas,1850-1899,,Don't own,Don't own,7,7,3rd,Yes - shared with neighbours,Yes
122,standard,Edinburgh,3,21/06/2017 07:46,,30/06/2018 22:59,control_20170714,"£48,600 to £53,999",control,flat,above_median,multiple,1,Large Urban Areas,1850-1899,,Don't own,Don't own,2,7,1st,Yes - shared with neighbours,No
123,standard,Edinburgh,4,21/06/2017 09:42,,30/06/2018 22:59,treatment_20170714,"£66,000 to £77,999",treatment,flat,above_median,multiple,1,Large Urban Areas,1850-1899,,Don't own,Don't own,4,7,Ground,Yes - private,No
124,standard,Edinburgh,3,21/06/2017 12:59,,19/06/2018 14:00,control_20170714,"£43,200 to £48,599",control,flat,above_median,multiple,1,Large Urban Areas,Before 1850,,Don't own,Don't own,1,7,1st,Yes - private,Yes
125,standard,Midlothian,2,22/06/2017 07:18,,30/06/2018 22:59,control_20170714,"£23,400 to £26,999",control,flat,below_median,multiple,1,Large Urban Areas,1850-1899,,Don't own,Don't own,2,7,Ground,Yes - private,Yes
133,standard,Edinburgh,4,27/06/2017 12:35,,30/06/2018 22:59,treatment_20170714,"£32,400 to £37,799",treatment,house_or_bungalow,below_median,multiple,1,Large Urban Areas,1931-1944,,Don't own,Don't own,4,7,Ground,Yes - private,Yes
134,standard,Edinburgh,4,28/06/2017 07:30,,30/06/2018 22:59,control_20170814,"£90,000 or more",control,house_or_bungalow,above_median,multiple,1,Large Urban Areas,1931-1944,,Own but don't use,Don't own,2,7,Ground,Yes - private,Yes
136,enhanced,Edinburgh,1,28/06/2017 09:30,10/08/2017 07:00,26/06/2018 12:00,enhanced_20170814,"£43,200 to £48,599",enhanced,flat,above_median,single,1,Large Urban Areas,1850-1899,,Don't own,Don't own,7,7,Ground,Yes - private,
135,standard,Edinburgh,2,28/06/2017 10:44,,30/06/2018 22:59,treatment_20170714,"£10,800 to £13,499",treatment,flat,below_median,multiple,1,Large Urban Areas,Before 1850,,Don't own,Don't own,4,7,2nd,Yes - shared with neighbours,No
128,enhanced,Edinburgh,1,22/06/2017 09:25,10/08/2017 10:00,30/06/2018 22:59,enhanced_20170814,"£23,400 to £26,999",enhanced,flat,below_median,single,1,Large Urban Areas,1991-1995,,Don't own,Own and use,2,4,2nd,Yes - shared with neighbours,Yes
137,standard,Edinburgh,2,03/07/2017 07:49,,30/06/2018 22:59,control_20170915,"£43,200 to £48,599",control,flat,above_median,multiple,1,Large Urban Areas,1931-1944,,Don't own,Don't own,4,7,1st,Yes - shared with neighbours,Yes
138,standard,EastLothian,5,04/07/2017 07:24,,30/06/2018 22:59,treatment_20170814,"£43,200 to £48,599",treatment,house_or_bungalow,below_median,multiple,3+,Small Towns or Rural Areas,Before 1850,,Don't own,Don't own,6,7,Ground,Yes - private,Yes
139,enhanced,Edinburgh,3,04/07/2017 10:13,26/10/2017 10:00,30/06/2018 22:59,enhanced_20171106,"£37,800 to £43,199",enhanced,flat,below_median,multiple,1,Large Urban Areas,1850-1899,,Don't own,Don't own,5,7,1st,Yes - shared with neighbours,Yes
140,enhanced,Edinburgh,3,04/07/2017 12:56,05/09/2017 13:30,30/06/2018 22:59,enhanced_20170911,"£54,000 to £65,999",enhanced,flat,above_median,multiple,1,Large Urban Areas,Before 1850,,Don't own,Don't own,6,7,Attic,No,
141,standard,Edinburgh,1,05/07/2017 07:39,,30/06/2018 22:59,control_20170814,"£78,000 to £89,999",control,flat,above_median,single,1,Large Urban Areas,1945-1964,,Don't own,Don't own,2,7,2nd,Yes - private,Yes
143,standard,Edinburgh,2,06/07/2017 09:01,,30/08/2017 21:00,control_20170814,"£78,000 to £89,999",control,flat,above_median,multiple,1,Large Urban Areas,1945-1964,,Don't own,Don't own,7,7,Ground,Yes - shared with neighbours,
144,standard,Edinburgh,2,07/07/2017 16:59,,07/06/2018 07:00,control_20170814,"£90,000 or more",control,flat,above_median,multiple,1,Large Urban Areas,1850-1899,,Don't own,Don't own,4,7,3rd,Yes - shared with neighbours,No
145,enhanced,Edinburgh,2,10/07/2017 08:22,31/10/2017 08:00,30/06/2018 22:59,enhanced_20171106,"£43,200 to £48,599",enhanced,flat,above_median,multiple,1,Large Urban Areas,1850-1899,,Don't own,Don't own,2,6,2nd,Yes - shared with neighbours,Yes
146,enhanced,Midlothian,4,11/07/2017 07:19,23/11/2017 08:00,30/06/2018 22:59,enhanced_20171123,"£43,200 to £48,599",enhanced,house_or_bungalow,below_median,multiple,1,Large Urban Areas,1931-1944,,Don't own,Don't own,7,7,Ground,Yes - private,Yes
147,standard,Edinburgh,3,11/07/2017 12:59,,30/06/2018 22:59,control_20170814,"£48,600 to £53,999",control,flat,above_median,multiple,1,Large Urban Areas,1965-1980,,Don't own,Don't own,7,7,2nd,Yes - shared with neighbours,Yes
148,standard,Edinburgh,3,12/07/2017 12:20,,30/06/2018 22:59,treatment_20170814,"£66,000 to £77,999",treatment,flat,above_median,multiple,1,Large Urban Areas,1900-1918,,Don't own,Don't own,7,7,Ground,Yes - private,Yes
149,standard,Edinburgh,2,13/07/2017 13:09,,30/06/2018 22:59,treatment_20170814,"less than £10,800",treatment,flat,below_median,multiple,1,Large Urban Areas,1919-1930,,Don't own,Don't own,7,7,1st,Yes - private,Yes
150,standard,Edinburgh,2,14/07/2017 07:50,,30/06/2018 22:59,treatment_20170814,Missing,treatment,flat,missing,multiple,1,Large Urban Areas,Before 1850,,Don't own,Don't own,1,7,2nd,Yes - shared with neighbours,Don't know
151,standard,Midlothian,2,14/07/2017 12:22,,30/06/2018 22:59,treatment_20170814,"£37,800 to £43,199",treatment,house_or_bungalow,above_median,multiple,2,Other Urban Areas,1900-1918,,Don't own,Don't own,3,7,Ground,Yes - private,Yes
152,standard,Edinburgh,5,18/07/2017 09:01,,31/01/2018 08:00,control_20170814,"£54,000 to £65,999",control,house_or_bungalow,below_median,multiple,1,Large Urban Areas,1945-1964,,Don't own,Don't own,7,7,Ground,Yes - private,Yes
154,standard,Edinburgh,3,19/07/2017 11:46,,12/06/2018 10:30,treatment_20170814,"£48,600 to £53,999",treatment,house_or_bungalow,above_median,multiple,1,Large Urban Areas,1945-1964,,Don't own,Don't own,3,7,Ground,Yes - private,Yes
153,standard,Edinburgh,2,19/07/2017 07:38,,07/06/2018 08:00,control_20170814,"£54,000 to £65,999",control,flat,above_median,multiple,1,Large Urban Areas,1850-1899,,Don't own,Don't own,7,7,Ground,Yes - shared with neighbours,Yes
155,standard,Edinburgh,2,20/07/2017 10:14,,30/06/2018 22:59,treatment_20170814,"£27,000 to £32,399",treatment,house_or_bungalow,below_median,multiple,1,Large Urban Areas,1931-1944,,Don't own,Don't own,6,7,Ground,Yes - private,Yes
156,standard,Edinburgh,1,21/07/2017 11:38,,30/06/2018 22:59,control_20170814,"£90,000 or more",control,flat,above_median,single,1,Large Urban Areas,1850-1899,,Own and use,Don't own,3,7,Ground,No,
158,standard,Edinburgh,2,25/07/2017 16:17,,24/05/2018 10:00,treatment_20170814,"£54,000 to £65,999",treatment,flat,above_median,multiple,1,Large Urban Areas,1850-1899,,Don't own,Don't own,1,7,3rd,Yes - shared with neighbours,Yes
160,standard,Edinburgh,2,26/07/2017 07:43,,30/06/2018 22:59,control_20170814,"£78,000 to £89,999",control,flat,above_median,multiple,1,Large Urban Areas,Before 1850,,Don't own,Own and use,1,7,Basement (level -1),Yes - private,No
164,standard,Midlothian,3,27/07/2017 07:11,,30/06/2018 22:59,treatment_20170814,"£43,200 to £48,599",treatment,house_or_bungalow,above_median,multiple,1,Large Urban Areas,1850-1899,,Don't own,Don't own,7,7,1st,Yes - private,Yes
165,standard,Edinburgh,2,27/07/2017 10:44,,30/06/2018 22:59,control_20170814,"less than £10,800",control,flat,below_median,multiple,1,Large Urban Areas,2002 or later,2017,Don't own,Don't own,7,7,5th,Yes - private,Yes
166,standard,Edinburgh,3,27/07/2017 12:56,,30/06/2018 22:59,treatment_20170814,"£48,600 to £53,999",treatment,house_or_bungalow,above_median,multiple,1,Large Urban Areas,1919-1930,,Don't own,Don't own,3,7,Ground,Yes - private,Yes
159,standard,Edinburgh,2,25/07/2017 13:30,,30/06/2018 22:59,treatment_20170814,"£43,200 to £48,599",treatment,flat,above_median,multiple,1,Large Urban Areas,1850-1899,,Don't own,Don't own,3,7,Ground,Yes - shared with neighbours,Yes
161,standard,Edinburgh,2,26/07/2017 11:34,,30/06/2018 22:59,treatment_20170915,"£10,800 to £13,499",treatment,house_or_bungalow,below_median,multiple,1,Large Urban Areas,Before 1850,,Don't own,Don't own,7,7,Ground,Yes - private,
168,enhanced,WestLothian,4,02/08/2017 07:19,16/10/2017 07:00,30/06/2018 22:59,enhanced_20171017,"£66,000 to £77,999",enhanced,house_or_bungalow,above_median,multiple,2,Other Urban Areas,1945-1964,,Don't own,Don't own,3,7,Ground,Yes - private,Yes
169,enhanced,WestLothian,1,02/08/2017 11:23,25/10/2017 10:00,30/06/2018 22:59,enhanced_20171106,"£48,600 to £53,999",enhanced,house_or_bungalow,above_median,single,2,Other Urban Areas,1965-1980,,Don't own,Own and use,3,7,Ground,Yes - private,
170,standard,Edinburgh,4,03/08/2017 07:30,,21/06/2018 10:30,control_20171013,"£54,000 to £65,999",control,house_or_bungalow,above_median,multiple,1,Large Urban Areas,1965-1980,,Don't own,Don't own,7,7,Ground,Yes - private,Yes
171,enhanced,Edinburgh,0,03/08/2017 10:28,04/10/2017 10:00,30/06/2018 22:59,enhanced_20171006,"£13,500 to £16,199",enhanced,flat,missing,missing,1,Large Urban Areas,1965-1980,,Don't own,,7,7,Ground,Yes - shared with neighbours,Yes
167,standard,Edinburgh,2,24/08/2016 01:00,,14/06/2018 08:30,treatment_20170512,"£48,600 to £53,999",treatment,flat,above_median,multiple,1,Large Urban Areas,1850-1899,,Don't own,Don't own,2,7,2nd,Yes - shared with neighbours,Yes
173,standard,WestLothian,4,08/08/2017 15:09,,30/06/2018 22:59,treatment_20170915,"£43,200 to £48,599",treatment,house_or_bungalow,below_median,multiple,2,Other Urban Areas,2002 or later,2015,Don't own,Don't own,6,7,Ground,Yes - private,Yes
174,standard,Edinburgh,4,09/08/2017 07:18,,30/06/2018 22:59,control_20171115,"£90,000 or more",control,house_or_bungalow,above_median,multiple,1,Large Urban Areas,1945-1964,,Don't own,Don't own,2,7,Ground,No,
157,standard,WestLothian,2,11/08/2017 11:30,,28/06/2018 13:30,control_20171115,"£27,000 to £32,399",control,flat,below_median,multiple,2,Other Urban Areas,2002 or later,2016,Don't own,Don't own,4,7,Ground,Yes - private,Yes
180,standard,EastLothian,3,23/08/2017 13:30,,30/06/2018 22:59,treatment_20170915,"£32,400 to £37,799",treatment,flat,below_median,multiple,1,Large Urban Areas,1850-1899,,Don't own,Don't own,4,7,Ground,Yes - private,Yes
162,enhanced,Edinburgh,2,14/08/2017 06:53,20/11/2017 08:00,30/06/2018 22:59,enhanced_20171123,"£54,000 to £65,999",enhanced,flat,above_median,multiple,1,Large Urban Areas,2002 or later,2016,Don't own,Own and use,3,7,3rd,Yes - shared with neighbours,Yes
163,standard,WestLothian,2,15/08/2017 10:15,,30/06/2018 22:59,control_20170915,"£37,800 to £43,199",control,house_or_bungalow,above_median,multiple,2,Other Urban Areas,1965-1980,,Don't own,Own and use,5,7,Ground,Yes - private,Yes
175,enhanced,Midlothian,2,21/08/2017 07:40,03/10/2017 07:00,30/06/2018 22:59,enhanced_20171006,"£43,200 to £48,599",enhanced,house_or_bungalow,above_median,multiple,2,Other Urban Areas,1965-1980,,Don't own,Don't own,5,7,Ground,Yes - private,Yes
176,standard,Midlothian,3,21/08/2017 11:01,,30/06/2018 22:59,control_20170915,"less than £10,800",control,house_or_bungalow,below_median,multiple,2,Other Urban Areas,1900-1918,,Don't own,Don't own,7,7,Ground,Yes - private,Yes
179,standard,Edinburgh,1,23/08/2017 07:32,,30/06/2018 22:59,control_20171013,"£43,200 to £48,599",control,flat,above_median,single,1,Large Urban Areas,1850-1899,,Don't own,Don't own,2,7,3rd,No,
177,standard,Edinburgh,4,24/08/2017 10:15,,30/06/2018 22:59,treatment_20170915,"£66,000 to £77,999",treatment,flat,above_median,multiple,1,Large Urban Areas,1850-1899,,Don't own,Don't own,6,7,Ground,Yes - shared with neighbours,Yes
178,standard,WestLothian,2,24/08/2017 14:23,,30/06/2018 22:59,control_20170915,"£54,000 to £65,999",control,house_or_bungalow,above_median,multiple,3+,Small Towns or Rural Areas,1945-1964,,Don't own,Don't own,4,7,Ground,Yes - private,Yes
181,standard,WestLothian,4,25/08/2017 07:55,,30/06/2018 22:59,treatment_20170915,"£66,000 to £77,999",treatment,house_or_bungalow,above_median,multiple,3+,Small Towns or Rural Areas,1965-1980,,Don't own,Don't own,3,7,Ground,Yes - private,Yes
182,standard,Edinburgh,4,29/08/2017 08:00,,30/06/2018 22:59,control_20170915,"£13,500 to £16,199",control,flat,below_median,multiple,1,Large Urban Areas,1850-1899,,Don't own,Don't own,7,7,Ground,Yes - private,Yes
183,standard,Edinburgh,2,29/08/2017 12:54,,30/06/2018 22:59,control_20170915,"£27,000 to £32,399",control,house_or_bungalow,below_median,multiple,1,Large Urban Areas,1945-1964,,Don't own,Don't own,7,7,Ground,Yes - private,Yes
184,standard,EastLothian,2,31/08/2017 10:46,,30/06/2018 22:59,treatment_20171013,"£43,200 to £48,599",treatment,house_or_bungalow,above_median,multiple,1,Large Urban Areas,1965-1980,,Don't own,Don't own,3,7,Ground,Yes - private,Yes
185,standard,Edinburgh,3,01/09/2017 07:36,,30/06/2018 22:59,treatment_20171013,Missing,treatment,house_or_bungalow,missing,multiple,1,Large Urban Areas,1850-1899,,Don't own,Don't own,4,7,Ground,Yes - private,Yes
188,standard,Edinburgh,3,05/09/2017 07:28,,30/06/2018 22:59,treatment_20171013,"£19,800 to £23,399",treatment,flat,below_median,multiple,1,Large Urban Areas,1919-1930,,Don't own,Don't own,4,7,Ground,Yes - private,Yes
187,standard,WestLothian,3,04/09/2017 10:57,,30/06/2018 22:59,treatment_20171013,"£27,000 to £32,399",treatment,house_or_bungalow,below_median,multiple,2,Other Urban Areas,1945-1964,,Don't own,Don't own,6,7,Ground,Yes - private,Yes
186,standard,Edinburgh,2,08/09/2017 07:22,,30/06/2018 22:59,treatment_20171013,"£54,000 to £65,999",treatment,house_or_bungalow,above_median,multiple,1,Large Urban Areas,1981-1990,,Own but don't use,Don't own,2,7,Ground,Yes - private,Yes
189,standard,EastLothian,2,06/09/2017 07:41,,28/06/2018 08:30,treatment_20171115,"£32,400 to £37,799",treatment,flat,above_median,multiple,1,Large Urban Areas,1945-1964,,Don't own,Don't own,6,7,Ground,Yes - private,Yes
190,standard,Edinburgh,3,06/09/2017 12:55,,14/06/2018 14:00,control_20171013,"£54,000 to £65,999",control,flat,above_median,multiple,1,Large Urban Areas,1900-1918,,Don't own,Don't own,7,7,2nd,No,
192,standard,Edinburgh,4,13/09/2017 13:41,,16/06/2018 09:30,control_20171013,Missing,control,house_or_bungalow,missing,multiple,1,Large Urban Areas,1900-1918,,Don't own,Don't own,2,7,Ground,Yes - private,Yes
191,standard,Edinburgh,4,13/09/2017 08:02,,30/06/2018 22:59,control_20171013,"£43,200 to £48,599",control,house_or_bungalow,below_median,multiple,1,Large Urban Areas,1965-1980,,Don't own,Don't own,7,7,Ground,Yes - private,Yes
193,standard,Edinburgh,1,19/09/2017 10:19,,30/06/2018 22:59,control_20171013,"£54,000 to £65,999",control,flat,above_median,single,1,Large Urban Areas,1945-1964,,Don't own,Don't own,2,7,Ground,Yes - private,Yes
194,standard,Edinburgh,1,19/09/2017 13:46,,27/06/2018 10:00,control_20171115,"£16,200 to £19,799",control,flat,below_median,single,1,Large Urban Areas,1900-1918,,Don't own,Don't own,2,7,Ground,Yes - shared with neighbours,Yes
195,standard,Edinburgh,4,20/09/2017 07:35,,30/06/2018 22:59,treatment_20171013,"£19,800 to £23,399",treatment,house_or_bungalow,below_median,multiple,1,Large Urban Areas,1945-1964,,Don't own,Don't own,3,7,Ground,Yes - private,Yes
197,standard,Edinburgh,1,26/09/2017 09:55,,26/06/2018 09:30,treatment_20171013,"£19,800 to £23,399",treatment,flat,below_median,single,1,Large Urban Areas,1919-1930,,Don't own,Don't own,3,5,1st,Yes - shared with neighbours,Yes
199,standard,Edinburgh,4,28/09/2017 08:34,,14/06/2018 07:00,treatment_20171013,"£54,000 to £65,999",treatment,house_or_bungalow,above_median,multiple,3+,Small Towns or Rural Areas,1900-1918,,Own and use,,2,7,Ground,Yes - private,Yes
200,standard,WestLothian,5,28/09/2017 11:25,,30/06/2018 22:59,control_20171013,"£54,000 to £65,999",control,house_or_bungalow,above_median,multiple,2,Other Urban Areas,1945-1964,,Don't own,Own and use,3,7,Ground,Yes - private,Yes
201,standard,Midlothian,5,29/09/2017 07:49,,30/06/2018 22:59,control_20171013,"£54,000 to £65,999",control,flat,above_median,multiple,1,Large Urban Areas,1850-1899,,Don't own,Don't own,7,7,1st,Yes - shared with neighbours,Yes
202,standard,EastLothian,1,29/09/2017 12:07,,30/06/2018 22:59,treatment_20171013,"£27,000 to £32,399",treatment,house_or_bungalow,above_median,single,1,Large Urban Areas,1981-1990,,Don't own,Don't own,5,4,Ground,Yes - private,Yes
203,standard,Edinburgh,1,02/10/2017 10:10,,16/06/2018 08:00,control_20171115,"£32,400 to £37,799",control,house_or_bungalow,above_median,single,1,Large Urban Areas,1965-1980,,Don't own,Don't own,3,7,Ground,Yes - private,No
206,standard,EastLothian,4,04/10/2017 07:27,,30/06/2018 22:59,treatment_20171115,"£54,000 to £65,999",treatment,house_or_bungalow,above_median,multiple,3+,Small Towns or Rural Areas,Before 1850,,Don't own,Don't own,7,7,Ground,Yes - private,Yes
205,standard,Edinburgh,2,05/10/2017 07:45,,30/06/2018 22:59,treatment_20171115,"£43,200 to £48,599",treatment,flat,above_median,multiple,1,Large Urban Areas,1850-1899,,Don't own,Don't own,0,4,3rd,No,
208,enhanced,Edinburgh,2,06/10/2017 11:46,19/01/2018 08:00,30/06/2018 22:59,enhanced_20180119,"£43,200 to £48,599",enhanced,flat,above_median,multiple,1,Large Urban Areas,1850-1899,,Don't own,Don't own,3,7,1st,Yes - shared with neighbours,Yes
207,standard,WestLothian,3,05/10/2017 13:53,,30/06/2018 22:59,treatment_20171115,"£90,000 or more",treatment,house_or_bungalow,above_median,multiple,2,Other Urban Areas,1981-1990,,Don't own,Don't own,4,7,Ground,Yes - private,
210,standard,Edinburgh,4,09/10/2017 07:11,,30/06/2018 22:59,control_20171214,"£48,600 to £53,999",control,house_or_bungalow,above_median,multiple,1,Large Urban Areas,1945-1964,,Don't own,Don't own,5,7,Ground,Yes - private,Yes
213,standard,Edinburgh,1,12/10/2017 07:00,,30/06/2018 22:59,treatment_20171115,"£32,400 to £37,799",treatment,flat,above_median,single,1,Large Urban Areas,1900-1918,,Don't own,Don't own,2,7,2nd,Yes - shared with neighbours,Yes
214,standard,Edinburgh,3,12/10/2017 10:36,,30/06/2018 22:59,control_20171115,"£48,600 to £53,999",control,flat,above_median,multiple,1,Large Urban Areas,1931-1944,,Don't own,Don't own,4,7,Ground,Yes - private,Yes
216,standard,Edinburgh,1,13/10/2017 07:31,,30/06/2018 22:59,treatment_20171115,"£13,500 to £16,199",treatment,flat,below_median,single,1,Large Urban Areas,1991-1995,,Don't own,Don't own,1,7,2nd,Yes - shared with neighbours,Yes
211,standard,Edinburgh,3,10/10/2017 07:20,,29/06/2018 13:00,treatment_20171115,"£90,000 or more",treatment,house_or_bungalow,above_median,multiple,1,Large Urban Areas,1900-1918,,Don't own,Don't own,2,7,Ground,Yes - private,Yes
212,enhanced,EastLothian,3,11/10/2017 10:19,30/11/2017 12:30,30/06/2018 22:59,enhanced_20171201,"£23,400 to £26,999",enhanced,flat,below_median,multiple,1,Large Urban Areas,1900-1918,,Don't own,Don't own,5,7,1st,Yes - private,Yes
218,standard,Edinburgh,4,13/10/2017 13:04,,30/06/2018 22:59,treatment_20171115,"£48,600 to £53,999",treatment,flat,above_median,multiple,1,Large Urban Areas,1850-1899,,Don't own,Don't own,4,7,Basement (level -1),No,
215,standard,Edinburgh,2,12/10/2017 13:19,,30/06/2018 22:59,control_20171115,"£66,000 to £77,999",control,flat,above_median,multiple,1,Large Urban Areas,1850-1899,,Don't own,Don't own,7,7,2nd,Yes - shared with neighbours,Yes
219,standard,Edinburgh,0,16/10/2017 13:05,,23/03/2018 13:00,control_20171115,"£78,000 to £89,999",control,flat,missing,missing,1,Large Urban Areas,1850-1899,,Don't own,Don't own,5,7,Ground,Yes - shared with neighbours,Yes
221,standard,Edinburgh,2,17/10/2017 15:30,,01/05/2018 13:30,treatment_20171115,"£19,800 to £23,399",treatment,flat,below_median,multiple,1,Large Urban Areas,1996-2001,,Don't own,Don't own,5,5,2nd,Yes - shared with neighbours,No
222,standard,WestLothian,3,18/10/2017 07:18,,28/06/2018 14:00,control_20171115,"£19,800 to £23,399",control,house_or_bungalow,below_median,multiple,2,Other Urban Areas,1945-1964,,Don't own,Don't own,7,7,Ground,Yes - private,Yes
223,standard,Edinburgh,4,18/10/2017 15:34,,12/06/2018 07:30,treatment_20171115,"less than £10,800",treatment,house_or_bungalow,below_median,multiple,1,Large Urban Areas,1996-2001,,Don't own,Don't own,3,7,Ground,Yes - private,Yes
209,standard,Edinburgh,1,20/10/2017 10:29,,30/06/2018 22:59,control_20171115,"£43,200 to £48,599",control,flat,above_median,single,1,Large Urban Areas,2002 or later,2016,Don't own,Don't own,3,5,Ground,Yes - private,No
224,standard,Edinburgh,2,24/10/2017 07:15,,30/06/2018 22:59,control_20171115,"£54,000 to £65,999",control,house_or_bungalow,above_median,multiple,1,Large Urban Areas,1965-1980,,Don't own,Don't own,2,7,Ground,Yes - private,Yes
225,enhanced,Edinburgh,2,24/10/2017 10:17,21/12/2017 08:30,30/06/2018 22:59,enhanced_20171221,Missing,enhanced,flat,missing,multiple,1,Large Urban Areas,Before 1850,,Don't own,Don't own,6,7,3rd,Yes - shared with neighbours,No
226,standard,Edinburgh,2,25/10/2017 07:37,,30/06/2018 22:59,treatment_20180316,"£54,000 to £65,999",treatment,flat,above_median,multiple,1,Large Urban Areas,1900-1918,,Don't own,Don't own,5,7,2nd,Yes - shared with neighbours,No
228,enhanced,Edinburgh,0,27/10/2017 08:00,20/12/2017 08:00,30/06/2018 22:59,enhanced_20171221,"£66,000 to £77,999",enhanced,flat,missing,missing,1,Large Urban Areas,1850-1899,,Don't own,Don't own,2,7,2nd,Yes - shared with neighbours,Yes
227,enhanced,Edinburgh,2,26/10/2017 07:23,05/12/2017 08:00,30/06/2018 22:59,enhanced_20171208,"£19,800 to £23,399",enhanced,flat,below_median,multiple,1,Large Urban Areas,1850-1899,,Don't own,Don't own,6,6,Ground,Yes - shared with neighbours,Yes
229,standard,Midlothian,4,30/10/2017 08:57,,30/06/2018 22:59,control_20180418,"£90,000 or more",control,house_or_bungalow,above_median,multiple,1,Large Urban Areas,1900-1918,,Don't own,Don't own,5,7,Ground,Yes - private,No
232,standard,Edinburgh,3,30/10/2017 14:33,,19/06/2018 13:30,control_20171115,"less than £10,800",control,house_or_bungalow,below_median,multiple,1,Large Urban Areas,1919-1930,,Don't own,Don't own,4,7,Ground,Yes - private,Yes
230,standard,Edinburgh,5,30/10/2017 11:34,,30/06/2018 22:59,control_20171115,"£43,200 to £48,599",control,house_or_bungalow,below_median,multiple,1,Large Urban Areas,1945-1964,,Don't own,Don't own,7,7,Ground,Yes - private,Yes
231,enhanced,Midlothian,2,30/10/2017 13:41,09/02/2018 12:00,30/06/2018 22:59,enhanced_20180209,"£32,400 to £37,799",enhanced,house_or_bungalow,above_median,multiple,2,Other Urban Areas,1965-1980,,Don't own,Don't own,7,7,Ground,Yes - private,Yes
233,standard,Edinburgh,4,31/10/2017 14:21,,22/05/2018 15:00,control_20171115,"£54,000 to £65,999",control,house_or_bungalow,above_median,multiple,1,Large Urban Areas,1965-1980,,Don't own,Own but don't use,5,7,Ground,Yes - private,Yes
236,standard,Midlothian,5,01/11/2017 11:45,,30/06/2018 22:59,treatment_20171214,"£27,000 to £32,399",treatment,house_or_bungalow,below_median,multiple,2,Other Urban Areas,2002 or later,2014,Don't own,Don't own,7,7,Ground,Yes - private,Yes
237,standard,Edinburgh,2,02/11/2017 08:43,,30/06/2018 22:59,control_20171214,"£54,000 to £65,999",control,flat,above_median,multiple,1,Large Urban Areas,2002 or later,2008,Don't own,Don't own,2,7,2nd,No,
235,standard,Midlothian,1,03/11/2017 08:37,,30/06/2018 22:59,treatment_20171214,"£90,000 or more",treatment,house_or_bungalow,above_median,multiple,2,Other Urban Areas,1965-1980,,Don't own,Don't own,2,7,Ground,Yes - private,Yes
239,standard,Edinburgh,2,03/11/2017 12:55,,30/06/2018 22:59,control_20171214,"£32,400 to £37,799",control,flat,above_median,multiple,1,Large Urban Areas,1965-1980,,Don't own,Don't own,7,7,Ground,Yes - private,Yes
238,enhanced,Edinburgh,2,02/11/2017 12:45,19/04/2018 12:30,30/06/2018 22:59,enhanced_20180419,"£37,800 to £43,199",enhanced,flat,above_median,multiple,1,Large Urban Areas,1919-1930,,Own but don't use,Own and use,5,7,Ground,Yes - private,Yes
234,standard,Edinburgh,1,01/11/2017 09:32,,30/06/2018 22:59,treatment_20171214,"£16,200 to £19,799",treatment,flat,below_median,single,1,Large Urban Areas,1850-1899,,Don't own,Don't own,2,5,1st,Yes - shared with neighbours,No
240,standard,Edinburgh,4,06/11/2017 09:11,,30/06/2018 22:59,treatment_20171214,"£37,800 to £43,199",treatment,flat,below_median,multiple,1,Large Urban Areas,1850-1899,,Don't own,Don't own,4,7,3rd,Yes - shared with neighbours,Yes
243,standard,EastLothian,3,07/11/2017 13:29,,30/06/2018 22:59,control_20171214,"£19,800 to £23,399",control,house_or_bungalow,below_median,multiple,2,Other Urban Areas,1919-1930,,Don't own,Don't own,7,7,Ground,Yes - private,Yes
241,standard,Edinburgh,2,07/11/2017 08:53,,30/06/2018 22:59,treatment_20171214,"£37,800 to £43,199",treatment,flat,above_median,multiple,1,Large Urban Areas,1900-1918,,Don't own,Don't own,1,6,3rd,Yes - shared with neighbours,No
242,enhanced,Edinburgh,3,07/11/2017 12:49,06/02/2018 08:00,30/06/2018 22:59,enhanced_20180207,"£78,000 to £89,999",enhanced,house_or_bungalow,above_median,multiple,1,Large Urban Areas,1965-1980,,Don't own,Don't own,4,7,Ground,Yes - private,Yes
245,standard,Edinburgh,3,09/11/2017 08:47,,21/06/2018 08:30,treatment_20171214,"£54,000 to £65,999",treatment,house_or_bungalow,above_median,multiple,1,Large Urban Areas,1931-1944,,Don't own,Don't own,6,7,Ground,Yes - private,Yes
244,standard,Edinburgh,4,08/11/2017 13:00,,30/06/2018 22:59,control_20171214,"£19,800 to £23,399",control,flat,below_median,multiple,1,Large Urban Areas,1919-1930,,Don't own,Don't own,2,7,Ground,Yes - private,Yes
246,standard,Edinburgh,3,09/11/2017 08:52,,30/06/2018 22:59,control_20171214,"£90,000 or more",control,house_or_bungalow,above_median,multiple,1,Large Urban Areas,1965-1980,,Don't own,Own and use,4,7,Ground,Yes - private,Yes
247,standard,Edinburgh,3,13/11/2017 08:59,,19/06/2018 14:30,control_20171214,"£66,000 to £77,999",control,house_or_bungalow,above_median,multiple,1,Large Urban Areas,1850-1899,,Don't own,Don't own,5,7,Ground,Yes - private,Yes
249,enhanced,Edinburgh,2,13/11/2017 13:29,29/01/2018 08:00,30/06/2018 22:59,enhanced_20180130,Missing,enhanced,flat,missing,multiple,1,Large Urban Areas,1850-1899,,Don't own,Don't own,7,7,3rd,Yes - shared with neighbours,Yes
248,standard,Edinburgh,2,13/11/2017 09:25,,30/06/2018 22:59,treatment_20171214,"£27,000 to £32,399",treatment,flat,below_median,multiple,1,Large Urban Areas,1850-1899,,Don't own,Don't own,7,7,1st,Yes - shared with neighbours,Yes
250,standard,Edinburgh,2,17/11/2017 08:34,,30/06/2018 22:59,control_20171214,"£43,200 to £48,599",control,flat,above_median,multiple,1,Large Urban Areas,1850-1899,,Don't own,Don't own,2,7,2nd,Yes - shared with neighbours,No
251,standard,Midlothian,1,17/11/2017 14:22,,30/06/2018 22:59,treatment_20171214,"£54,000 to £65,999",treatment,flat,above_median,single,1,Large Urban Areas,1850-1899,,Own and use,Don't own,2,7,Ground,Yes - private,Yes
253,standard,Midlothian,2,21/11/2017 08:37,,12/06/2018 10:00,treatment_20171214,"£90,000 or more",treatment,flat,above_median,multiple,1,Large Urban Areas,1850-1899,,Don't own,Don't own,7,7,2nd,Yes - shared with neighbours,Yes
254,standard,EastLothian,5,21/11/2017 13:12,,16/04/2018 11:00,treatment_20180213,"£48,600 to £53,999",treatment,house_or_bungalow,below_median,multiple,3+,Small Towns or Rural Areas,1991-1995,,Don't own,Don't own,5,7,Ground,Yes - private,Yes
252,standard,EastLothian,3,21/11/2017 08:36,,14/06/2018 15:00,treatment_20171214,"£54,000 to £65,999",treatment,flat,above_median,multiple,1,Large Urban Areas,1945-1964,,Don't own,Don't own,2,7,1st,Yes - shared with neighbours,Yes
255,enhanced,Edinburgh,3,23/11/2017 14:44,20/03/2018 14:00,30/06/2018 22:59,enhanced_20180321,"£19,800 to £23,399",enhanced,flat,below_median,multiple,1,Large Urban Areas,1850-1899,,Don't own,Don't own,7,7,Basement (level -1),Yes - shared with neighbours,Yes
256,standard,Edinburgh,2,27/11/2017 12:58,,16/06/2018 09:00,control_20171214,"£54,000 to £65,999",control,flat,above_median,multiple,1,Large Urban Areas,1850-1899,,Don't own,Don't own,3,7,1st,Yes - private,Yes
260,standard,Fife,2,30/11/2017 08:16,,06/06/2018 13:00,control_20180115,"£32,400 to £37,799",control,house_or_bungalow,above_median,multiple,2,Other Urban Areas,1965-1980,,Don't own,Don't own,4,7,Ground,Yes - private,Yes
257,standard,Edinburgh,1,29/11/2017 09:23,,19/06/2018 07:00,control_20171214,"£43,200 to £48,599",control,flat,above_median,single,1,Large Urban Areas,2002 or later,2008,Don't own,Don't own,2,5,4th,Yes - private,Yes
258,standard,Edinburgh,2,29/11/2017 12:55,,27/06/2018 09:00,control_20171214,"£27,000 to £32,399",control,flat,below_median,multiple,1,Large Urban Areas,1945-1964,,Don't own,Don't own,3,7,1st,Yes - private,Yes
262,enhanced,Edinburgh,2,04/12/2017 08:44,26/02/2018 08:00,30/06/2018 22:59,enhanced_20180227,"£37,800 to £43,199",enhanced,flat,above_median,multiple,1,Large Urban Areas,1931-1944,,Don't own,Don't own,2,7,Ground,Yes - private,Yes
261,standard,Fife,3,04/12/2017 08:49,,30/06/2018 22:59,control_20180115,"£90,000 or more",control,house_or_bungalow,above_median,multiple,2,Other Urban Areas,1945-1964,,Don't own,Own and use,2,7,Ground,Yes - private,Yes
264,enhanced,Edinburgh,4,06/12/2017 13:18,21/03/2018 08:00,30/06/2018 22:59,enhanced_20180321,"£48,600 to £53,999",enhanced,house_or_bungalow,above_median,multiple,1,Large Urban Areas,1945-1964,,Don't own,Own and use,4,7,Ground,Yes - private,Yes
263,enhanced,Fife,4,06/12/2017 08:50,24/01/2018 12:00,30/06/2018 22:59,enhanced_20180124,"£32,400 to £37,799",enhanced,house_or_bungalow,below_median,multiple,2,Other Urban Areas,1945-1964,,Don't own,Don't own,3,7,Ground,Yes - private,Yes
266,enhanced,Edinburgh,2,07/12/2017 11:50,30/01/2018 12:30,30/06/2018 22:59,enhanced_20180130,"£66,000 to £77,999",enhanced,house_or_bungalow,above_median,multiple,1,Large Urban Areas,1945-1964,,Don't own,Don't own,4,7,Ground,Yes - private,Don't know
267,standard,Midlothian,2,07/12/2017 17:53,,30/06/2018 22:59,treatment_20180115,"£54,000 to £65,999",treatment,flat,above_median,multiple,1,Large Urban Areas,1850-1899,,Don't own,Don't own,0,2,2nd,Yes - shared with neighbours,Yes
268,enhanced,Fife,1,08/12/2017 08:28,12/04/2018 07:00,30/06/2018 22:59,enhanced_20180418,"£27,000 to £32,399",enhanced,house_or_bungalow,above_median,single,3+,Small Towns or Rural Areas,1965-1980,,Don't own,Don't own,2,7,Ground,Yes - private,Yes
269,standard,Fife,2,08/12/2017 12:58,,30/06/2018 22:59,control_20180213,"£48,600 to £53,999",control,flat,above_median,multiple,2,Other Urban Areas,1850-1899,,Don't own,Don't own,2,7,1st,Yes - shared with neighbours,Yes
265,standard,Edinburgh,3,11/12/2017 13:06,,30/06/2018 22:59,treatment_20180316,"£27,000 to £32,399",treatment,flat,below_median,multiple,1,Large Urban Areas,1850-1899,,Own and use,Don't own,2,7,1st,Yes - shared with neighbours,
270,standard,Edinburgh,4,12/12/2017 12:57,,30/06/2018 22:59,treatment_20180213,"£78,000 to £89,999",treatment,house_or_bungalow,above_median,multiple,1,Large Urban Areas,1919-1930,,Don't own,Don't own,2,7,Ground,Yes - private,Yes
272,standard,Midlothian,2,14/12/2017 09:14,,30/06/2018 22:59,treatment_20180115,"£27,000 to £32,399",treatment,flat,above_median,multiple,1,Large Urban Areas,1900-1918,,Don't own,Don't own,1,7,1st,Yes - shared with neighbours,Yes
273,standard,Edinburgh,3,14/12/2017 12:32,,30/06/2018 22:59,control_20180115,"£54,000 to £65,999",control,house_or_bungalow,above_median,multiple,1,Large Urban Areas,1945-1964,,Don't own,Don't own,4,7,Ground,Yes - private,Yes
271,standard,Fife,0,14/12/2017 09:41,,30/06/2018 22:59,treatment_20180115,"£48,600 to £53,999",treatment,house_or_bungalow,missing,missing,3+,Small Towns or Rural Areas,2002 or later,2013,Don't own,Don't own,2,7,Ground,Yes - private,Yes
259,enhanced,Midlothian,2,11/12/2017 10:17,05/06/2018 07:00,30/06/2018 22:59,enhanced_20180605,"£23,400 to £26,999",enhanced,house_or_bungalow,below_median,multiple,2,Other Urban Areas,1945-1964,,Don't own,Own and use,0,2,Ground,Yes - private,Yes
275,standard,Edinburgh,1,18/12/2017 13:09,,07/06/2018 10:30,control_20180115,"£10,800 to £13,499",control,flat,below_median,single,1,Large Urban Areas,1850-1899,,Don't own,Don't own,4,7,2nd,Yes - shared with neighbours,Don't know
274,standard,Edinburgh,1,18/12/2017 12:43,,30/06/2018 22:59,treatment_20180115,"£23,400 to £26,999",treatment,flat,above_median,single,1,Large Urban Areas,1996-2001,,Don't own,Don't own,2,5,3rd,Yes - shared with neighbours,No
277,standard,Midlothian,2,19/12/2017 13:01,,30/06/2018 22:59,treatment_20180115,"£23,400 to £26,999",treatment,house_or_bungalow,below_median,multiple,2,Other Urban Areas,1965-1980,,Don't own,Don't own,4,7,Ground,No,
276,enhanced,Edinburgh,3,19/12/2017 10:25,03/05/2018 13:30,30/06/2018 22:59,enhanced_20180511,"£48,600 to £53,999",enhanced,flat,above_median,multiple,1,Large Urban Areas,1900-1918,,Own and use,Own and use,7,7,Ground,Yes - private,Yes
278,standard,Edinburgh,2,19/12/2017 14:13,,30/06/2018 22:59,control_20180115,"£43,200 to £48,599",control,flat,above_median,multiple,1,Large Urban Areas,Before 1850,,Don't own,Don't own,2,7,1st,Yes - shared with neighbours,Yes
280,standard,Edinburgh,3,22/12/2017 13:21,,30/06/2018 22:59,treatment_20180115,"£78,000 to £89,999",treatment,flat,above_median,multiple,1,Large Urban Areas,Before 1850,,Own but don't use,Don't own,3,0,Ground,Yes - shared with neighbours,Yes
279,standard,Edinburgh,1,20/12/2017 12:27,,30/06/2018 22:59,control_20180514,"£37,800 to £43,199",control,flat,above_median,single,1,Large Urban Areas,1850-1899,,Don't own,Own and use,2,7,3rd,Yes - shared with neighbours,Yes
281,standard,Fife,2,08/01/2018 10:06,,30/06/2018 22:59,treatment_20180213,"£43,200 to £48,599",treatment,house_or_bungalow,above_median,multiple,2,Other Urban Areas,1900-1918,,Don't own,Own and use,4,7,Ground,Yes - private,Yes
283,standard,Edinburgh,2,12/01/2018 13:24,,30/06/2018 22:59,treatment_20180213,"£54,000 to £65,999",treatment,house_or_bungalow,above_median,multiple,1,Large Urban Areas,1931-1944,,Don't own,Don't own,7,7,Ground,Yes - private,Yes
282,standard,Edinburgh,4,11/01/2018 09:18,,30/06/2018 22:59,control_20180213,"£54,000 to £65,999",control,flat,above_median,multiple,1,Large Urban Areas,1850-1899,,Don't own,Don't own,5,7,Ground,Yes - private,
284,standard,Edinburgh,3,18/01/2018 08:34,,30/06/2018 22:59,control_20180213,"£37,800 to £43,199",control,flat,above_median,multiple,1,Large Urban Areas,1900-1918,,Don't own,Don't own,3,3,Ground,Yes - shared with neighbours,Yes
286,standard,Edinburgh,1,22/01/2018 12:41,,07/06/2018 08:30,control_20180316,"£10,800 to £13,499",control,flat,below_median,single,1,Large Urban Areas,1850-1899,,Don't own,Don't own,7,7,Ground,Yes - shared with neighbours,Yes
291,standard,Fife,2,25/01/2018 09:48,,30/06/2018 22:59,control_20180514,"£66,000 to £77,999",control,house_or_bungalow,above_median,multiple,2,Other Urban Areas,1919-1930,,Own but don't use,Own and use,4,7,Ground,Yes - private,Yes
285,standard,Edinburgh,2,18/01/2018 13:23,,30/06/2018 22:59,treatment_20180213,"£54,000 to £65,999",treatment,flat,above_median,multiple,1,Large Urban Areas,1900-1918,,Don't own,Don't own,2,7,2nd,No,
292,standard,Edinburgh,2,25/01/2018 12:25,,30/06/2018 22:59,control_20180514,"£37,800 to £43,199",control,flat,above_median,multiple,1,Large Urban Areas,1850-1899,,Don't own,Own and use,7,7,1st,Yes - shared with neighbours,Yes
289,standard,EastLothian,1,05/02/2018 12:43,,30/06/2018 22:59,treatment_20180316,"£10,800 to £13,499",treatment,flat,below_median,single,3+,Small Towns or Rural Areas,1931-1944,,Don't own,Don't own,2,7,Ground,Yes - private,Yes
287,standard,Edinburgh,4,31/01/2018 08:52,,14/06/2018 08:00,control_20180213,"£90,000 or more",control,flat,above_median,multiple,1,Large Urban Areas,1850-1899,,Don't own,Don't own,3,7,3rd,Yes - shared with neighbours,No
288,standard,Midlothian,2,05/02/2018 08:25,,12/06/2018 09:00,treatment_20180418,"£19,800 to £23,399",treatment,flat,below_median,multiple,1,Large Urban Areas,1900-1918,,Don't own,Don't own,2,7,Basement (level -1),Yes - shared with neighbours,Yes
290,standard,Edinburgh,3,05/02/2018 12:48,,30/06/2018 22:59,treatment_20180316,"£78,000 to £89,999",treatment,house_or_bungalow,above_median,multiple,1,Large Urban Areas,1919-1930,,Don't own,Don't own,5,7,Ground,Yes - private,Yes
294,standard,Edinburgh,2,12/02/2018 13:05,,30/06/2018 22:59,treatment_20180316,"£43,200 to £48,599",treatment,flat,above_median,multiple,1,Large Urban Areas,Before 1850,,Don't own,Don't own,2,7,Ground,No,
295,standard,Edinburgh,1,16/02/2018 08:38,,26/06/2018 07:30,control_20180514,"£90,000 or more",control,flat,above_median,single,1,Large Urban Areas,1850-1899,,Don't own,Don't own,2,7,Ground,Yes - private,No
296,standard,Midlothian,3,16/02/2018 15:04,,30/06/2018 22:59,treatment_20180316,"£19,800 to £23,399",treatment,flat,below_median,multiple,1,Large Urban Areas,1850-1899,,Don't own,Don't own,2,6,2nd,Yes - shared with neighbours,Yes
293,standard,WestLothian,2,14/02/2018 08:19,,30/06/2018 22:59,treatment_20180514,"£48,600 to £53,999",treatment,house_or_bungalow,above_median,multiple,3+,Small Towns or Rural Areas,1965-1980,,Don't own,Don't own,2,7,Ground,Yes - private,Yes
300,standard,Edinburgh,1,21/02/2018 13:22,,19/06/2018 12:00,treatment_20180316,"£32,400 to £37,799",treatment,flat,above_median,single,1,Large Urban Areas,1996-2001,,Don't own,Don't own,2,7,1st,Yes - shared with neighbours,No
302,standard,Edinburgh,2,23/02/2018 13:55,,27/06/2018 07:00,control_20180316,"£78,000 to £89,999",control,flat,above_median,multiple,1,Large Urban Areas,1900-1918,,Don't own,Don't own,1,4,Ground,Yes - shared with neighbours,Yes
303,standard,Edinburgh,1,26/02/2018 14:13,,30/06/2018 22:59,treatment_20180514,"£13,500 to £16,199",treatment,house_or_bungalow,below_median,single,1,Large Urban Areas,1965-1980,,Don't own,Don't own,3,7,Ground,Yes - private,Yes
299,standard,Edinburgh,1,20/02/2018 13:18,,30/06/2018 22:59,control_20180316,"£10,800 to £13,499",control,house_or_bungalow,below_median,single,3+,Small Towns or Rural Areas,1965-1980,,Don't own,Don't own,7,7,Ground,Yes - private,Yes
301,standard,Fife,3,23/02/2018 13:42,,30/06/2018 22:59,control_20180316,"£19,800 to £23,399",control,flat,below_median,multiple,2,Other Urban Areas,1945-1964,,Don't own,Don't own,7,7,Ground,Yes - private,No
298,standard,Fife,2,20/02/2018 13:13,,30/06/2018 22:59,control_20180316,"£37,800 to £43,199",control,house_or_bungalow,above_median,multiple,2,Other Urban Areas,1945-1964,,Don't own,Own and use,2,7,Ground,Yes - private,Yes
304,standard,Edinburgh,3,27/02/2018 13:11,,30/06/2018 22:59,control_20180316,"£27,000 to £32,399",control,flat,below_median,multiple,3+,Small Towns or Rural Areas,1945-1964,,Don't own,Don't own,7,7,Ground,Yes - private,Yes
316,standard,Edinburgh,4,16/03/2018 08:25,,30/06/2018 22:59,treatment_20180418,"£90,000 or more",treatment,house_or_bungalow,above_median,multiple,3+,Small Towns or Rural Areas,2002 or later,2007,Own and use,Don't own,3,7,Ground,Yes - private,
310,standard,Edinburgh,2,08/03/2018 12:44,,19/06/2018 11:30,control_20180418,"£43,200 to £48,599",control,flat,above_median,multiple,1,Large Urban Areas,1850-1899,,Don't own,Don't own,1,7,3rd,Yes - shared with neighbours,No
306,standard,Edinburgh,4,05/03/2018 13:26,,11/06/2018 07:00,control_20180418,"£66,000 to £77,999",control,house_or_bungalow,above_median,multiple,3+,Small Towns or Rural Areas,1931-1944,,Don't own,Don't own,1,7,Ground,Yes - private,Yes
305,standard,Edinburgh,2,05/03/2018 09:17,,30/06/2018 22:59,control_20180418,"£54,000 to £65,999",control,house_or_bungalow,above_median,multiple,3+,Small Towns or Rural Areas,1919-1930,,Don't own,Don't own,7,7,Ground,Yes - private,Yes
307,standard,Edinburgh,4,06/03/2018 09:11,,30/06/2018 22:59,control_20180418,"£54,000 to £65,999",control,house_or_bungalow,above_median,multiple,2,Other Urban Areas,1850-1899,,Don't own,Don't own,7,7,Ground,Yes - private,Yes
311,enhanced,Edinburgh,2,12/03/2018 13:50,05/06/2018 11:30,30/06/2018 22:59,enhanced_20180605,"£16,200 to £19,799",enhanced,flat,below_median,multiple,1,Large Urban Areas,1850-1899,,Don't own,Don't own,7,7,2nd,Yes - shared with neighbours,
308,standard,Edinburgh,2,07/03/2018 12:52,,29/06/2018 08:00,control_20180418,"£78,000 to £89,999",control,house_or_bungalow,above_median,multiple,1,Large Urban Areas,1931-1944,,Don't own,Don't own,2,7,Ground,Yes - private,Yes
309,standard,Edinburgh,3,08/03/2018 07:05,,19/06/2018 12:30,treatment_20180418,"£54,000 to £65,999",treatment,flat,above_median,multiple,1,Large Urban Areas,1900-1918,,Don't own,Don't own,7,7,1st,Yes - shared with neighbours,Yes
315,standard,Edinburgh,2,15/03/2018 08:59,,30/06/2018 22:59,control_20180514,"£90,000 or more",control,house_or_bungalow,above_median,multiple,1,Large Urban Areas,1900-1918,,Don't own,Don't own,4,4,Ground,Yes - shared with neighbours,Yes
328,enhanced,Edinburgh,1,03/04/2018 15:11,22/05/2018 09:00,30/06/2018 22:59,enhanced_20180522,"£10,800 to £13,499",enhanced,flat,below_median,single,1,Large Urban Areas,1850-1899,,Don't own,Don't own,7,7,Ground,Yes - shared with neighbours,No
317,standard,Edinburgh,1,19/03/2018 08:42,,30/06/2018 22:59,treatment_20180514,"£37,800 to £43,199",treatment,flat,above_median,single,1,Large Urban Areas,2002 or later,2003,Don't own,Don't own,2,7,Ground,No,
319,standard,Edinburgh,2,20/03/2018 09:15,,30/06/2018 22:59,treatment_20180514,"£16,200 to £19,799",treatment,flat,below_median,multiple,2,Other Urban Areas,1850-1899,,Own and use,Own and use,1,7,1st,Yes - shared with neighbours,No
313,standard,Edinburgh,1,13/03/2018 09:18,,19/06/2018 07:30,treatment_20180418,"£37,800 to £43,199",treatment,flat,above_median,single,1,Large Urban Areas,1850-1899,,Don't own,Own and use,2,5,2nd,Yes - shared with neighbours,Yes
318,standard,Edinburgh,4,20/03/2018 08:58,,30/06/2018 22:59,treatment_20180514,"£32,400 to £37,799",treatment,house_or_bungalow,below_median,multiple,2,Other Urban Areas,1965-1980,,Don't own,Don't own,4,7,Ground,Yes - private,Yes
321,standard,Edinburgh,1,23/03/2018 08:20,,30/06/2018 22:59,control_20180418,"£32,400 to £37,799",control,flat,above_median,single,1,Large Urban Areas,2002 or later,2002,Don't own,Don't own,7,7,2nd,Yes - shared with neighbours,No
323,standard,Edinburgh,1,23/03/2018 12:56,,30/06/2018 22:59,treatment_20180418,"£19,800 to £23,399",treatment,flat,below_median,single,1,Large Urban Areas,1850-1899,,Don't own,Don't own,5,7,1st,Yes - shared with neighbours,Yes
326,standard,Edinburgh,4,28/03/2018 11:52,,30/06/2018 22:59,treatment_20180418,"£16,200 to £19,799",treatment,house_or_bungalow,below_median,multiple,1,Large Urban Areas,1945-1964,,Don't own,Don't own,5,7,Ground,Yes - private,Yes
320,standard,Edinburgh,2,21/03/2018 13:27,,30/06/2018 22:59,treatment_20180514,"£37,800 to £43,199",treatment,flat,above_median,multiple,1,Large Urban Areas,1850-1899,,Don't own,Don't own,4,7,3rd,Yes - shared with neighbours,Yes
325,standard,Edinburgh,4,28/03/2018 07:57,,30/06/2018 22:59,treatment_20180418,"£78,000 to £89,999",treatment,house_or_bungalow,above_median,multiple,2,Other Urban Areas,1996-2001,,Don't own,Don't own,3,7,Ground,Yes - private,Yes
322,standard,Edinburgh,3,26/03/2018 11:52,,30/06/2018 22:59,treatment_20180418,"£43,200 to £48,599",treatment,flat,above_median,multiple,1,Large Urban Areas,1931-1944,,Don't own,Don't own,3,7,2nd,Yes - shared with neighbours,Yes
327,standard,Edinburgh,4,29/03/2018 09:37,,30/06/2018 22:59,control_20180514,"£32,400 to £37,799",control,house_or_bungalow,below_median,multiple,1,Large Urban Areas,1945-1964,,Own but don't use,Don't own,2,7,Ground,Yes - private,Yes
330,standard,EastLothian,4,10/04/2018 07:33,,30/06/2018 22:59,control_20180514,Missing,control,house_or_bungalow,missing,multiple,3+,Small Towns or Rural Areas,Before 1850,,Don't own,Own and use,5,7,Ground,Yes - private,Yes
329,standard,Edinburgh,2,06/04/2018 13:29,,30/06/2018 22:59,treatment_20180514,"£16,200 to £19,799",treatment,house_or_bungalow,below_median,multiple,3+,Small Towns or Rural Areas,1965-1980,,Don't own,Don't own,7,7,Ground,Yes - private,Yes
331,standard,Fife,2,12/04/2018 11:57,,30/06/2018 22:59,treatment_20180514,"£54,000 to £65,999",treatment,house_or_bungalow,above_median,multiple,2,Other Urban Areas,1965-1980,,Don't own,Don't own,7,7,Ground,Yes - private,Yes
332,standard,Edinburgh,1,19/04/2018 09:14,,30/06/2018 22:59,treatment_20180514,"£32,400 to £37,799",treatment,flat,above_median,single,1,Large Urban Areas,1919-1930,,Don't own,Don't own,2,7,Ground,Yes - private,Yes
334,standard,Edinburgh,5,30/04/2018 07:14,,30/06/2018 22:59,control_20180514,"less than £10,800",control,flat,below_median,multiple,1,Large Urban Areas,1850-1899,,Don't own,Don't own,4,7,Ground,Yes - shared with neighbours,Yes
335,standard,EastLothian,4,30/04/2018 13:42,,30/06/2018 22:59,treatment_20180514,"£78,000 to £89,999",treatment,house_or_bungalow,above_median,multiple,2,Other Urban Areas,1991-1995,,Don't own,Don't own,2,7,Ground,Yes - private,Yes
333,standard,Edinburgh,3,30/04/2018 07:27,,30/06/2018 22:59,control_20180514,"£54,000 to £65,999",control,flat,above_median,multiple,1,Large Urban Areas,Before 1850,,Don't own,Don't own,2,7,1st,Yes - private,Yes
