homeid,provenance,provenancedetail,energytype,date,reading
77,technician,repair_visit,electricity,2018-01-16,30561
77,technician,repair_visit,gas,2018-01-16,8081
79,technician,repair_visit,electricity,2018-01-16,28822
79,technician,repair_visit,gas,2018-01-16,5152
96,technician,repair_visit,electricity,2018-01-15,18532
96,technician,repair_visit,gas,2018-01-15,5425
113,technician,installation_visit,electricity,2017-06-20,5168
113,technician,installation_visit,gas,2017-06-20,33501
114,technician,installation_visit,electricity,2017-06-13,5865
114,technician,installation_visit,gas,2017-06-13,519748
115,technician,installation_visit,electricity,2017-06-13,289963
115,technician,installation_visit,gas,2017-06-13,4659
116,technician,installation_visit,electricity,2017-06-13,50262
116,technician,installation_visit,gas,2017-06-13,13127
117,technician,installation_visit,electricity,2017-06-20,89931
117,technician,installation_visit,gas,2017-06-20,12929
118,technician,installation_visit,electricity,2017-06-14,2870
118,technician,installation_visit,gas,2017-06-14,4942
119,technician,installation_visit,electricity,2017-06-20,10488
119,technician,installation_visit,gas,2017-06-20,16454
120,technician,installation_visit,electricity,2017-06-14,6947340
120,technician,installation_visit,gas,2017-06-14,523363
121,technician,installation_visit,electricity,2017-06-14,6836
121,technician,installation_visit,gas,2017-06-14,3795
122,technician,installation_visit,electricity,2017-06-21,86690
122,technician,installation_visit,gas,2017-06-21,6397
123,technician,installation_visit,electricity,2017-06-21,41083
123,technician,installation_visit,gas,2017-06-21,47542
124,technician,installation_visit,electricity,2017-06-21,16822
124,technician,installation_visit,gas,2017-06-21,7624
125,technician,installation_visit,electricity,2017-06-22,882
125,technician,installation_visit,gas,2017-06-22,5504
126,technician,installation_visit,electricity,2017-06-15,839560
126,technician,installation_visit,gas,2017-06-15,317026
128,technician,installation_visit,electricity,2017-06-22,58771
128,technician,installation_visit,gas,2017-06-22,9490
129,technician,installation_visit,electricity,2017-06-15,61493
129,technician,installation_visit,gas,2017-06-15,9163
133,technician,installation_visit,electricity,2017-06-27,21057
133,technician,installation_visit,gas,2017-06-27,36265
133,technician,repair_visit,electricity,2018-01-09,23054
133,technician,repair_visit,gas,2018-01-09,37164
134,technician,installation_visit,electricity,2017-06-28,63411
134,technician,installation_visit,gas,2017-06-28,22201
135,technician,installation_visit,electricity,2017-06-28,99815
135,technician,installation_visit,gas,2017-06-28,614
136,technician,installation_visit,electricity,2017-06-28,12105
136,technician,installation_visit,gas,2017-06-28,14101
137,technician,installation_visit,electricity,2017-07-03,21932
137,technician,installation_visit,gas,2017-07-03,6178
138,technician,installation_visit,electricity,2017-07-04,17260
138,technician,installation_visit,gas,2017-07-04,22201
139,technician,installation_visit,electricity,2017-07-04,22931
139,technician,installation_visit,gas,2017-07-04,1780
140,technician,installation_visit,electricity,2017-07-04,75558
140,technician,installation_visit,gas,2017-07-04,17872
141,technician,installation_visit,gas,2017-07-05,1083
143,technician,installation_visit,electricity,2017-07-06,70899
143,technician,installation_visit,gas,2017-07-06,3658
144,technician,installation_visit,electricity,2017-07-07,6599
144,technician,installation_visit,gas,2017-07-07,26761
145,technician,installation_visit,electricity,2017-07-10,437
145,technician,installation_visit,gas,2017-07-10,6806
146,technician,installation_visit,electricity,2017-07-11,51036
146,technician,installation_visit,gas,2017-07-11,77318
147,technician,installation_visit,electricity,2017-07-11,10002
147,technician,installation_visit,gas,2017-07-11,2031
148,technician,installation_visit,electricity,2017-07-12,89230
148,technician,installation_visit,gas,2017-07-12,4340
149,technician,installation_visit,electricity,2017-07-13,66722
149,technician,installation_visit,gas,2017-07-13,38155
150,technician,installation_visit,electricity,2017-07-14,88854
150,technician,installation_visit,gas,2017-07-14,11625
151,technician,installation_visit,electricity,2017-07-14,2222
151,technician,installation_visit,gas,2017-07-14,2222
152,technician,installation_visit,electricity,2017-07-21,22678
153,technician,installation_visit,electricity,2017-07-19,19274
153,technician,installation_visit,gas,2017-07-19,19527
154,technician,installation_visit,electricity,2017-07-19,25707
154,technician,installation_visit,gas,2017-07-19,2888
155,technician,installation_visit,electricity,2017-07-20,36076
155,technician,installation_visit,gas,2017-07-20,21401
157,technician,installation_visit,electricity,2017-08-11,5124
157,technician,installation_visit,gas,2017-08-11,1280
158,technician,installation_visit,electricity,2017-07-25,62497
158,technician,installation_visit,gas,2017-07-25,7026
159,technician,installation_visit,electricity,2017-07-26,34857
159,technician,installation_visit,gas,2017-07-26,8234
160,technician,installation_visit,electricity,2017-07-26,64933
160,technician,installation_visit,gas,2017-07-26,318
161,technician,installation_visit,electricity,2017-07-26,14151
161,technician,installation_visit,gas,2017-07-26,23704
162,technician,installation_visit,electricity,2017-08-14,2815
162,technician,installation_visit,gas,2017-08-14,519
163,technician,installation_visit,electricity,2017-08-15,16302
163,technician,installation_visit,gas,2017-08-15,5301
163,technician,repair_visit,electricity,2018-04-09,18013
163,technician,repair_visit,gas,2018-04-09,6325
164,technician,installation_visit,electricity,2017-07-27,11403
164,technician,installation_visit,gas,2017-07-27,2666
165,technician,installation_visit,electricity,2017-07-27,749
165,technician,installation_visit,gas,2017-07-27,267
166,technician,installation_visit,electricity,2017-07-27,62188
166,technician,installation_visit,gas,2017-07-27,6064
168,technician,installation_visit,electricity,2017-08-02,20756
168,technician,installation_visit,gas,2017-08-02,5989
169,technician,installation_visit,electricity,2017-08-02,60789
169,technician,installation_visit,gas,2017-08-02,18482
170,technician,installation_visit,electricity,2017-08-03,44092
170,technician,installation_visit,gas,2017-08-03,29062
171,technician,installation_visit,electricity,2017-08-03,54731
171,technician,installation_visit,gas,2017-08-03,14288
173,technician,installation_visit,electricity,2017-08-08,77277
173,technician,installation_visit,gas,2017-08-08,1547
174,technician,installation_visit,electricity,2017-08-09,11253
174,technician,installation_visit,gas,2017-08-09,8442
175,technician,installation_visit,electricity,2017-08-21,25347
175,technician,installation_visit,gas,2017-08-21,9997
176,technician,installation_visit,electricity,2017-08-21,74998
176,technician,installation_visit,gas,2017-08-21,20603
177,technician,installation_visit,electricity,2017-08-24,31472
177,technician,installation_visit,gas,2017-08-24,1390
178,technician,installation_visit,electricity,2017-08-24,48535
178,technician,installation_visit,gas,2017-08-24,3912
179,technician,installation_visit,electricity,2017-08-23,9849
179,technician,installation_visit,gas,2017-08-23,4825
180,technician,installation_visit,electricity,2017-08-23,17175
180,technician,installation_visit,gas,2017-08-23,14102
180,technician,repair_visit,electricity,2018-01-10,19972
180,technician,repair_visit,gas,2018-01-10,14512
181,technician,installation_visit,gas,2017-08-25,3256841
181,technician,repair_visit,electricity,2018-01-12,28760
181,technician,repair_visit,gas,2018-01-12,3992
182,technician,installation_visit,electricity,2017-08-29,53649
182,technician,installation_visit,gas,2017-08-29,29909
182,technician,repair_visit,electricity,2018-01-15,55710
182,technician,repair_visit,gas,2018-01-15,30955
183,technician,installation_visit,electricity,2017-08-30,29304
183,technician,installation_visit,gas,2017-08-30,14910
184,technician,installation_visit,electricity,2017-08-31,1493
184,technician,installation_visit,gas,2017-08-31,4599
185,technician,installation_visit,electricity,2017-09-01,78653
185,technician,installation_visit,gas,2017-09-01,170544
186,technician,installation_visit,electricity,2017-09-08,132
186,technician,installation_visit,gas,2017-09-08,15921
187,technician,installation_visit,electricity,2017-09-04,2423
187,technician,installation_visit,gas,2017-09-04,16041
188,technician,installation_visit,electricity,2017-09-05,59910
188,technician,installation_visit,gas,2017-09-05,7644
189,technician,installation_visit,electricity,2017-09-06,5629
189,technician,installation_visit,gas,2017-09-06,9082
190,technician,installation_visit,electricity,2017-11-14,8465
190,technician,installation_visit,gas,2017-11-14,1856
190,technician,repair_visit,electricity,2018-01-09,8465
190,technician,repair_visit,gas,2018-01-09,1856
191,technician,installation_visit,electricity,2017-09-13,9511
191,technician,installation_visit,gas,2017-09-13,6200
192,technician,installation_visit,electricity,2017-09-13,55631
192,technician,installation_visit,gas,2017-09-13,3164
193,technician,installation_visit,electricity,2017-09-19,48372
193,technician,installation_visit,gas,2017-09-19,12960
194,technician,installation_visit,electricity,2017-09-19,25921
194,technician,installation_visit,gas,2017-09-19,6117
195,technician,installation_visit,electricity,2017-09-20,76531
195,technician,installation_visit,gas,2017-09-20,3431
197,technician,installation_visit,electricity,2017-09-26,35356
197,technician,installation_visit,gas,2017-09-26,7842
199,technician,installation_visit,electricity,2017-09-28,26354
199,technician,installation_visit,gas,2017-09-28,38168
200,technician,installation_visit,electricity,2017-09-28,6476
200,technician,installation_visit,gas,2017-09-28,1924
201,technician,installation_visit,electricity,2017-09-29,94642
201,technician,installation_visit,gas,2017-09-29,5781
202,technician,installation_visit,electricity,2017-09-29,44277
202,technician,installation_visit,gas,2017-09-29,12788
203,technician,installation_visit,electricity,2017-10-02,31842
203,technician,installation_visit,gas,2017-10-02,22243
205,technician,installation_visit,electricity,2017-10-05,66486
205,technician,installation_visit,gas,2017-10-05,375
207,technician,installation_visit,electricity,2017-10-05,89515
207,technician,installation_visit,gas,2017-10-05,6514
208,technician,installation_visit,electricity,2017-10-06,11313
208,technician,installation_visit,gas,2017-10-06,3402
209,technician,installation_visit,electricity,2017-10-20,29328
209,technician,installation_visit,gas,2017-10-20,404
210,technician,installation_visit,electricity,2017-10-09,65892
210,technician,installation_visit,gas,2017-10-09,5305
211,technician,installation_visit,electricity,2017-10-10,32595
211,technician,installation_visit,gas,2017-10-10,31018
212,technician,installation_visit,electricity,2017-10-11,801
212,technician,installation_visit,gas,2017-10-11,2077
213,technician,installation_visit,electricity,2017-10-12,12083
213,technician,installation_visit,gas,2017-10-12,6133
214,technician,installation_visit,electricity,2017-10-12,69246
214,technician,installation_visit,gas,2017-10-12,36491
215,technician,installation_visit,electricity,2017-10-12,22782
215,technician,installation_visit,gas,2017-10-12,5914
215,technician,repair_visit,electricity,2018-01-14,233775
215,technician,repair_visit,gas,2018-01-14,6007
216,technician,installation_visit,electricity,2017-10-13,6072
216,technician,installation_visit,gas,2017-10-13,1301
218,technician,installation_visit,electricity,2017-10-13,40554
218,technician,installation_visit,gas,2017-10-13,2795
219,technician,installation_visit,electricity,2017-10-16,40288
219,technician,installation_visit,gas,2017-10-16,23974
221,technician,installation_visit,electricity,2017-10-17,67178
221,technician,installation_visit,gas,2017-10-17,8926
222,technician,installation_visit,electricity,2017-10-18,6997
222,technician,installation_visit,gas,2017-10-18,190733
222,technician,repair_visit,electricity,2018-03-21,9760
222,technician,repair_visit,gas,2018-03-21,2382
223,technician,installation_visit,electricity,2017-10-18,12587
223,technician,installation_visit,gas,2017-10-18,9208
224,technician,installation_visit,electricity,2017-10-24,78755
224,technician,installation_visit,gas,2017-10-24,26345
224,technician,repair_visit,electricity,2018-04-03,79947
224,technician,repair_visit,gas,2018-04-03,26885
225,technician,installation_visit,electricity,2017-10-24,35105
225,technician,installation_visit,gas,2017-10-24,2273
226,technician,installation_visit,electricity,2017-10-25,630
226,technician,installation_visit,gas,2017-10-25,6964
228,technician,installation_visit,electricity,2017-10-27,42898
228,technician,installation_visit,gas,2017-10-27,4286
229,technician,installation_visit,gas,2017-10-30,51726
230,technician,installation_visit,electricity,2017-10-30,75384
230,technician,installation_visit,gas,2017-10-30,10900
231,technician,installation_visit,electricity,2017-10-30,56218
231,technician,installation_visit,gas,2017-10-30,419
232,technician,installation_visit,electricity,2017-10-30,58017
232,technician,installation_visit,gas,2017-10-30,21689
233,technician,installation_visit,electricity,2017-11-01,58017
233,technician,installation_visit,gas,2017-11-01,21689
234,technician,installation_visit,electricity,2017-11-01,12564
234,technician,installation_visit,gas,2017-11-01,3617
235,technician,installation_visit,electricity,2017-11-28,883
235,technician,installation_visit,gas,2017-11-28,21567
235,technician,repair_visit,electricity,2018-01-15,14587
235,technician,repair_visit,gas,2018-01-15,8206
236,technician,installation_visit,electricity,2017-11-01,9174
236,technician,installation_visit,gas,2017-11-01,2525
237,technician,installation_visit,electricity,2017-11-02,51064
237,technician,installation_visit,gas,2017-11-02,5519
238,technician,installation_visit,electricity,2017-11-03,17521
238,technician,installation_visit,gas,2017-11-03,2496
239,technician,installation_visit,electricity,2017-11-14,17292
239,technician,installation_visit,gas,2017-11-14,3367
240,technician,installation_visit,electricity,2017-11-06,5299
240,technician,installation_visit,gas,2017-11-06,1803
241,technician,installation_visit,electricity,2017-11-07,39002
241,technician,installation_visit,gas,2017-11-07,16227
242,technician,installation_visit,electricity,2017-11-07,61369
242,technician,installation_visit,gas,2017-11-07,1692
243,technician,installation_visit,electricity,2017-11-07,56131
243,technician,installation_visit,gas,2017-11-07,11879
244,technician,installation_visit,electricity,2017-11-08,214968
244,technician,installation_visit,gas,2017-11-08,9029
245,technician,installation_visit,electricity,2017-11-09,23663
245,technician,installation_visit,gas,2017-11-09,27224
246,technician,installation_visit,electricity,2017-11-09,70957
246,technician,installation_visit,gas,2017-11-09,6915
247,technician,installation_visit,electricity,2017-11-13,2198
247,technician,installation_visit,gas,2017-11-13,819
248,technician,installation_visit,electricity,2017-11-13,91688
248,technician,installation_visit,gas,2017-11-13,5842
249,technician,installation_visit,electricity,2017-11-13,7036
249,technician,installation_visit,gas,2017-11-13,4029
250,technician,installation_visit,electricity,2017-11-17,67392
250,technician,installation_visit,gas,2017-11-17,5121
251,technician,installation_visit,electricity,2017-11-17,92027
251,technician,installation_visit,gas,2017-11-17,13537
252,technician,installation_visit,electricity,2017-11-21,7860
252,technician,installation_visit,gas,2017-11-21,4044
253,technician,installation_visit,electricity,2017-12-07,883
253,technician,installation_visit,gas,2017-12-07,21567
254,technician,installation_visit,electricity,2017-11-21,2834
254,technician,installation_visit,gas,2017-11-21,37384
255,technician,installation_visit,gas,2017-12-07,18128
256,technician,installation_visit,electricity,2017-11-27,96886
256,technician,installation_visit,gas,2017-11-27,18915
257,technician,installation_visit,electricity,2017-11-29,42251
257,technician,installation_visit,gas,2017-11-29,7996
258,technician,installation_visit,electricity,2017-11-29,37952
258,technician,installation_visit,gas,2017-11-29,17863
259,technician,installation_visit,electricity,2017-12-11,91795
259,technician,installation_visit,gas,2017-12-11,15648
260,technician,installation_visit,electricity,2017-11-30,46137
260,technician,installation_visit,gas,2017-11-30,8307
261,technician,installation_visit,electricity,2017-12-04,33938
261,technician,installation_visit,gas,2017-12-04,17735
262,technician,installation_visit,electricity,2017-12-04,18471
262,technician,installation_visit,gas,2017-12-04,5202
262,technician,repair_visit,electricity,2018-01-09,18727
262,technician,repair_visit,gas,2018-01-09,5282
263,technician,installation_visit,electricity,2017-12-06,38852
263,technician,installation_visit,gas,2017-12-06,7068
264,technician,installation_visit,electricity,2017-12-06,76693
264,technician,installation_visit,gas,2017-12-06,6803
265,technician,installation_visit,electricity,2017-12-11,33920
265,technician,installation_visit,gas,2017-12-11,22863
266,technician,installation_visit,electricity,2017-12-07,80862
266,technician,installation_visit,gas,2017-12-07,36596
267,technician,installation_visit,electricity,2017-12-07,22250
267,technician,installation_visit,gas,2017-12-07,8855
268,technician,installation_visit,electricity,2017-12-08,18272
268,technician,installation_visit,gas,2017-12-08,1469
269,technician,installation_visit,electricity,2017-12-14,37544
269,technician,installation_visit,gas,2017-12-14,16725
269,technician,repair_visit,electricity,2018-01-16,38398
269,technician,repair_visit,gas,2018-01-16,17425
270,technician,installation_visit,electricity,2017-12-12,22400
270,technician,installation_visit,gas,2017-12-12,34041
271,technician,installation_visit,electricity,2017-12-14,22515
271,technician,installation_visit,gas,2017-12-14,6899
272,technician,installation_visit,electricity,2017-12-14,17440
272,technician,installation_visit,gas,2017-12-14,5729
273,technician,installation_visit,electricity,2017-12-14,60056
273,technician,installation_visit,gas,2017-12-14,5208
274,technician,installation_visit,electricity,2017-12-18,18750
274,technician,installation_visit,gas,2017-12-18,10865
275,technician,installation_visit,electricity,2017-12-18,31024
275,technician,installation_visit,gas,2017-12-18,9534
276,technician,installation_visit,electricity,2017-12-19,7268
276,technician,installation_visit,gas,2017-12-19,9214
277,technician,installation_visit,electricity,2017-12-19,17968
277,technician,installation_visit,gas,2017-12-19,3233
278,technician,installation_visit,electricity,2017-12-19,81317
278,technician,installation_visit,gas,2017-12-19,7842
280,technician,installation_visit,electricity,2017-12-22,72418
280,technician,installation_visit,gas,2017-12-22,17841
282,technician,installation_visit,electricity,2018-01-11,70815
282,technician,installation_visit,gas,2018-01-11,27962
283,technician,installation_visit,electricity,2018-01-12,12049
283,technician,installation_visit,gas,2018-01-12,29227
284,technician,installation_visit,electricity,2018-01-18,99623
284,technician,installation_visit,gas,2018-01-18,23218
285,technician,installation_visit,electricity,2018-01-18,37302
285,technician,installation_visit,gas,2018-01-18,18064
286,technician,installation_visit,electricity,2018-01-22,14748
286,technician,installation_visit,gas,2018-01-22,2188
287,technician,installation_visit,electricity,2018-01-31,71573
287,technician,installation_visit,gas,2018-01-31,1874
288,technician,installation_visit,electricity,2018-02-05,15226
288,technician,installation_visit,gas,2018-02-05,17856
289,technician,installation_visit,electricity,2018-02-05,68332
289,technician,installation_visit,gas,2018-02-05,12085
290,technician,installation_visit,electricity,2018-02-16,56846
290,technician,installation_visit,gas,2018-02-16,9928
291,technician,installation_visit,electricity,2018-01-25,22801
291,technician,installation_visit,gas,2018-01-25,20861
292,technician,installation_visit,electricity,2018-01-25,22348
292,technician,installation_visit,gas,2018-01-25,3037
293,technician,installation_visit,electricity,2018-02-14,320176
293,technician,installation_visit,gas,2018-02-14,4864
294,technician,installation_visit,electricity,2018-02-12,93407
294,technician,installation_visit,gas,2018-02-12,9091
295,technician,installation_visit,electricity,2018-02-16,50410
295,technician,installation_visit,gas,2018-02-16,31591
296,technician,installation_visit,electricity,2018-02-16,61070
296,technician,installation_visit,gas,2018-02-16,4682
296,technician,repair_visit,electricity,2018-04-03,61349
296,technician,repair_visit,gas,2018-04-03,4780
298,technician,installation_visit,electricity,2018-02-20,21559
298,technician,installation_visit,gas,2018-02-20,4596
299,technician,installation_visit,electricity,2018-02-20,3125
299,technician,installation_visit,gas,2018-02-20,2137
300,technician,installation_visit,electricity,2018-02-21,45774
300,technician,installation_visit,gas,2018-02-21,3757
301,technician,installation_visit,electricity,2018-02-23,56799
301,technician,installation_visit,gas,2018-02-23,5164
302,technician,installation_visit,electricity,2018-02-23,16556
302,technician,installation_visit,gas,2018-02-23,14237
303,technician,installation_visit,electricity,2018-02-26,37922
303,technician,installation_visit,gas,2018-02-26,28699
304,technician,installation_visit,electricity,2018-02-27,72168
304,technician,installation_visit,gas,2018-02-27,20701
305,technician,installation_visit,electricity,2018-03-05,80662
305,technician,installation_visit,gas,2018-03-05,10252
306,technician,installation_visit,electricity,2018-03-05,92319
306,technician,installation_visit,gas,2018-03-05,36208
307,technician,installation_visit,electricity,2018-03-06,24044
307,technician,installation_visit,gas,2018-03-06,1244
308,technician,installation_visit,electricity,2018-03-07,73964
308,technician,installation_visit,gas,2018-03-07,3803
309,technician,installation_visit,electricity,2018-03-08,77802
309,technician,installation_visit,gas,2018-03-08,6525
310,technician,installation_visit,electricity,2018-03-08,6985
310,technician,installation_visit,gas,2018-03-08,21508
311,technician,installation_visit,electricity,2018-03-12,76694
311,technician,installation_visit,gas,2018-03-12,13487
313,technician,installation_visit,electricity,2018-03-13,3085
313,technician,installation_visit,gas,2018-03-13,6869
315,technician,installation_visit,electricity,2018-03-15,42263.1
315,technician,installation_visit,gas,2018-03-15,2806
316,technician,installation_visit,electricity,2018-03-16,61151
316,technician,installation_visit,gas,2018-03-16,30011
318,technician,installation_visit,electricity,2018-03-20,37475
318,technician,installation_visit,gas,2018-03-20,8558
319,technician,installation_visit,electricity,2018-03-20,834
319,technician,installation_visit,gas,2018-03-20,28153
320,technician,installation_visit,electricity,2018-03-22,86824
320,technician,installation_visit,gas,2018-03-22,4539
321,technician,installation_visit,electricity,2018-03-23,9690
321,technician,installation_visit,gas,2018-03-23,9557
325,technician,installation_visit,electricity,2018-03-28,86387
325,technician,installation_visit,gas,2018-03-28,49750
326,technician,installation_visit,electricity,2018-03-28,63705
326,technician,installation_visit,gas,2018-03-28,2965
327,technician,installation_visit,electricity,2018-03-29,992
327,technician,installation_visit,gas,2018-03-29,4089
328,technician,installation_visit,electricity,2018-04-03,25209
328,technician,installation_visit,gas,2018-04-03,810
329,technician,installation_visit,electricity,2018-04-09,17292
329,technician,installation_visit,gas,2018-04-09,3367
330,technician,installation_visit,electricity,2018-04-10,78876
330,technician,installation_visit,gas,2018-04-10,34134
331,technician,installation_visit,electricity,2018-04-12,52400
331,technician,installation_visit,gas,2018-04-12,22500
332,technician,installation_visit,electricity,2018-04-19,9150
332,technician,installation_visit,gas,2018-04-19,5158
333,technician,installation_visit,electricity,2018-04-30,38120
333,technician,installation_visit,gas,2018-04-30,1229
334,technician,installation_visit,electricity,2018-04-30,1567
334,technician,installation_visit,gas,2018-04-30,19980
335,technician,installation_visit,electricity,2018-04-30,9972
335,technician,installation_visit,gas,2018-04-30,15266
62,625,all_inapp_meters_mid,electricity,2017-12-14,42885
62,625,all_inapp_meters_mid,gas,2017-12-14,7149
63,631,all_inapp_meters_mid,electricity,2017-12-13,1109
63,631,all_inapp_meters_mid,gas,2017-12-13,15975
65,633,all_inapp_meters_mid,electricity,2017-12-07,16143
65,633,all_inapp_meters_mid,gas,2017-12-07,11998
65,633,all_web_end,electricity,2018-06-17,17932
65,633,all_web_end,gas,2018-06-17,12637
66,637,all_web_end,electricity,2018-06-29,96483
66,637,all_web_end,gas,2018-06-29,18664
66,638,all_inapp_meters_mid,electricity,2017-12-07,95347
66,638,all_inapp_meters_mid,gas,2017-12-07,18032
70,641,all_web_end,electricity,2018-05-26,8507
70,641,all_web_end,gas,2018-05-26,2725
72,651,all_inapp_meters_mid,electricity,2017-12-11,3633
72,651,all_inapp_meters_mid,gas,2017-12-11,7150
72,651,all_web_end,electricity,2018-05-27,4371
72,651,all_web_end,gas,2018-05-27,7290
74,653,all_web_end,electricity,2018-06-13,80892
74,653,all_web_end,gas,2018-06-13,9300
75,649,all_inapp_meters_mid,electricity,2017-12-12,30457
75,649,all_inapp_meters_mid,gas,2017-12-12,7139
78,664,all_web_end,electricity,2018-05-23,61591
78,664,all_web_end,gas,2018-05-23,2521
79,661,all_web_end,electricity,2018-06-12,30166
79,661,all_web_end,gas,2018-06-12,5316
81,668,all_inapp_meters_mid,electricity,2017-12-07,47947
81,668,all_inapp_meters_mid,gas,2017-12-07,16622
81,668,all_web_end,electricity,2018-05-24,50012
81,668,all_web_end,gas,2018-05-24,18049
83,670,all_web_end,electricity,2018-05-28,23974
83,670,all_web_end,gas,2018-05-28,11843
86,682,all_web_end,electricity,2018-06-01,35468
86,682,all_web_end,gas,2018-06-01,8803
88,681,all_inapp_meters_mid,electricity,2017-12-14,65042
88,681,all_web_end,electricity,2018-05-23,65001
88,681,all_web_end,gas,2018-05-23,5135
90,685,all_inapp_meters_mid,electricity,2017-12-13,42920
90,685,all_inapp_meters_mid,gas,2017-12-13,1993
90,685,all_web_end,electricity,2018-06-01,62540
93,692,all_web_end,electricity,2018-06-14,6248
93,692,all_web_end,gas,2018-06-14,7927
94,696,all_web_end,electricity,2018-05-25,11401
94,696,all_web_end,gas,2018-05-25,5463
99,710,all_web_end,electricity,2018-06-06,7675
99,710,all_web_end,gas,2018-06-06,4249
101,714,all_inapp_meters_mid,electricity,2017-12-09,45922
101,714,all_inapp_meters_mid,gas,2017-12-09,3147
101,714,all_web_end,electricity,2018-05-25,46296
101,714,all_web_end,gas,2018-05-25,3277
106,723,all_web_end,electricity,2018-06-15,20851
106,723,all_web_end,gas,2018-06-15,3509
109,724,all_inapp_meters_mid,electricity,2017-12-13,3330
109,724,all_inapp_meters_mid,gas,2017-12-13,9458
113,757,all_inapp_meters_mid,electricity,2017-12-13,6993
113,757,all_inapp_meters_mid,gas,2017-12-13,340953
114,741,all_web_end,electricity,2018-06-04,7620
114,741,all_web_end,gas,2018-06-04,5330
117,756,all_inapp_meters_mid,electricity,2017-12-10,91265
117,756,all_inapp_meters_mid,gas,2017-12-10,13124
117,756,all_web_end,electricity,2018-05-26,92353
117,756,all_web_end,gas,2018-05-26,13575
120,749,all_inapp_meters_mid,electricity,2017-12-13,7025674
120,749,all_inapp_meters_mid,gas,2017-12-13,534443
120,749,all_web_end,electricity,2018-06-13,11186
120,749,all_web_end,gas,2018-06-13,5551
121,750,all_web_end,electricity,2018-05-25,10250
121,750,all_web_end,gas,2018-05-25,4350
126,752,all_web_end,electricity,2018-06-12,83956
126,752,all_web_end,gas,2018-06-12,13218
128,773,all_inapp_meters_mid,electricity,2017-12-11,59442
128,773,all_inapp_meters_mid,gas,2017-12-11,9766
128,773,all_web_end,electricity,2018-06-27,60103
128,773,all_web_end,gas,2018-06-27,10217
136,782,all_web_end,electricity,2018-05-25,15213
136,782,all_web_end,gas,2018-05-25,15468
138,787,all_web_end,electricity,2018-05-24,20192
138,787,all_web_end,gas,2018-05-24,23500
139,792,all_inapp_meters_mid,electricity,2017-12-14,23554
139,792,all_inapp_meters_mid,gas,2017-12-14,1891
146,805,all_inapp_meters_mid,electricity,2017-12-14,54685.64
146,805,all_inapp_meters_mid,gas,2017-12-14,7918797
146,805,all_web_end,electricity,2018-05-23,58432
146,805,all_web_end,gas,2018-05-23,81846
149,815,all_inapp_meters_mid,electricity,2017-12-09,67717
149,815,all_inapp_meters_mid,gas,2017-12-09,38846
149,815,all_web_end,electricity,2018-06-12,68944
149,815,all_web_end,gas,2018-06-12,4027642
150,817,all_inapp_meters_mid,electricity,2017-12-13,89431
150,817,all_inapp_meters_mid,gas,2017-12-13,11777
150,817,all_web_end,electricity,2018-05-23,90091.67
150,817,all_web_end,gas,2018-05-23,12049.163
151,820,all_inapp_meters_mid,electricity,2017-12-14,75401
151,820,all_inapp_meters_mid,gas,2017-12-14,5670
151,820,all_web_end,electricity,2018-06-03,77194
151,820,all_web_end,gas,2018-06-03,6335
153,824,all_inapp_meters_mid,electricity,2017-12-09,19985
153,824,all_inapp_meters_mid,gas,2017-12-09,19630
153,824,all_web_end,electricity,2018-05-28,20759
153,824,all_web_end,gas,2018-05-28,19923
155,826,all_inapp_meters_mid,electricity,2017-12-07,37164
155,826,all_inapp_meters_mid,gas,2017-12-07,21759
155,826,all_web_end,electricity,2018-05-28,38415
155,826,all_web_end,gas,2018-05-28,22672
158,842,all_web_end,electricity,2018-05-30,64834
158,842,all_web_end,gas,2018-05-30,7179
162,874,all_inapp_meters_mid,electricity,2017-12-12,3958
162,874,all_inapp_meters_mid,gas,2017-12-12,665
163,876,all_inapp_meters_mid,electricity,2017-12-07,17021
163,876,all_inapp_meters_mid,gas,2017-12-07,5619
163,876,all_web_end,electricity,2018-05-31,18286
163,876,all_web_end,gas,2018-05-31,6428
164,849,all_web_end,electricity,2018-06-13,15962
164,849,all_web_end,gas,2018-06-13,3837
165,852,all_web_end,electricity,2018-05-23,2330
165,852,all_web_end,gas,2018-05-23,1170
167,619,all_web_end,electricity,2018-06-14,44090
167,619,all_web_end,gas,2018-06-14,11915
168,856,all_inapp_meters_mid,electricity,2017-12-14,22831
168,856,all_inapp_meters_mid,gas,2017-12-14,6151
168,856,all_web_end,electricity,2018-06-22,26193
168,856,all_web_end,gas,2018-06-22,6459
170,858,all_web_end,electricity,2018-06-01,240
170,858,all_web_end,gas,2018-06-01,1.268
175,879,all_inapp_meters_mid,electricity,2017-12-08,26692
175,879,all_inapp_meters_mid,gas,2017-12-08,183
175,879,all_web_end,electricity,2018-05-31,28818
175,879,all_web_end,gas,2018-05-31,675
178,893,all_inapp_meters_mid,electricity,2017-12-12,49339
178,893,all_inapp_meters_mid,gas,2017-12-12,4002
182,899,all_inapp_meters_mid,electricity,2017-12-08,55086
182,899,all_web_end,electricity,2018-05-23,58448
182,899,all_web_end,gas,2018-05-23,32126
185,907,all_web_end,electricity,2018-06-01,80696
185,907,all_web_end,gas,2018-06-01,18101
186,916,all_web_end,electricity,2018-05-23,1846
186,916,all_web_end,gas,2018-05-23,16224159
187,910,all_web_end,electricity,2018-06-04,40448
187,910,all_web_end,gas,2018-06-04,17296
193,926,all_inapp_meters_mid,electricity,2017-12-08,48979
193,926,all_inapp_meters_mid,gas,2017-12-08,13127
193,926,all_web_end,electricity,2018-06-20,50641
193,926,all_web_end,gas,2018-06-20,13545.578000000001
194,927,all_inapp_meters_mid,electricity,2017-12-07,26213
194,927,all_inapp_meters_mid,gas,2017-12-07,6136
194,927,all_web_end,electricity,2018-05-24,26842
194,927,all_web_end,gas,2018-05-24,6197
195,928,all_web_end,electricity,2018-05-30,78315
195,928,all_web_end,gas,2018-05-30,4626
197,972,all_inapp_meters_mid,electricity,2017-12-14,35693
197,972,all_inapp_meters_mid,gas,2017-12-14,7965
201,996,all_inapp_meters_mid,electricity,2017-12-11,95397
201,996,all_inapp_meters_mid,gas,2017-12-11,5954
201,996,all_web_end,electricity,2018-06-04,97082
201,996,all_web_end,gas,2018-06-04,6407
203,1007,all_inapp_meters_mid,electricity,2017-12-08,32214
203,1007,all_inapp_meters_mid,gas,2017-12-08,22382
203,1007,all_web_end,electricity,2018-05-27,33123
203,1007,all_web_end,gas,2018-05-27,22886.694
205,1019,all_inapp_meters_mid,electricity,2017-12-08,66816
205,1019,all_inapp_meters_mid,gas,2017-12-08,460
205,1019,all_web_end,electricity,2018-05-23,67592
205,1019,all_web_end,gas,2018-05-23,739
208,1021,all_inapp_meters_mid,electricity,2017-12-09,11912
208,1021,all_inapp_meters_mid,gas,2017-12-09,3479
208,1021,all_web_end,electricity,2018-06-01,13581
208,1021,all_web_end,gas,2018-06-01,3709
209,1058,all_web_end,electricity,2018-06-25,29935
209,1058,all_web_end,gas,2018-06-25,709
212,1033,all_web_end,electricity,2018-06-22,237
212,1033,all_web_end,gas,2018-06-22,2612
216,1042,all_inapp_meters_mid,electricity,2017-12-14,6191
216,1042,all_inapp_meters_mid,gas,2017-12-14,1323
216,1042,all_web_end,electricity,2018-06-01,6530
216,1042,all_web_end,gas,2018-06-01,138565
221,1049,all_inapp_meters_mid,electricity,2017-12-12,67411
221,1049,all_inapp_meters_mid,gas,2017-12-12,9046
222,1051,all_inapp_meters_mid,electricity,2017-12-09,7883
222,1051,all_inapp_meters_mid,gas,2017-12-09,2027
224,1059,all_inapp_meters_mid,electricity,2017-12-10,79073
224,1059,all_inapp_meters_mid,gas,2017-12-10,26500
225,1061,all_web_end,electricity,2018-06-07,36323
225,1061,all_web_end,gas,2018-06-07,2712.67
226,1063,all_inapp_meters_mid,electricity,2017-12-13,905
226,1063,all_inapp_meters_mid,gas,2017-12-13,7137
227,1065,all_inapp_meters_mid,electricity,2017-12-08,5874
227,1065,all_inapp_meters_mid,gas,2017-12-08,10633
227,1065,all_web_end,electricity,2018-05-28,8373
227,1065,all_web_end,gas,2018-05-28,11500
230,1075,all_inapp_meters_mid,electricity,2017-12-11,75993
230,1075,all_inapp_meters_mid,gas,2017-12-11,11015
230,1075,all_web_end,electricity,2018-05-24,78123
230,1075,all_web_end,gas,2018-05-24,11450
231,1079,all_inapp_meters_mid,electricity,2017-12-14,56841
231,1079,all_inapp_meters_mid,gas,2017-12-14,641
231,1079,all_web_end,electricity,2018-05-31,59335
231,1079,all_web_end,gas,2018-05-31,1378
232,1071,all_web_end,electricity,2018-06-21,60542
232,1071,all_web_end,gas,2018-06-21,22936994
235,1092,all_inapp_meters_mid,electricity,2017-12-11,143582
235,1092,all_inapp_meters_mid,gas,2017-12-11,8175
236,1084,all_inapp_meters_mid,electricity,2017-12-14,9656
236,1084,all_inapp_meters_mid,gas,2017-12-14,2679
236,1084,all_web_end,electricity,2018-05-23,11861
236,1084,all_web_end,gas,2018-05-23,3215
237,1090,all_web_end,electricity,2018-06-23,51930
237,1090,all_web_end,gas,2018-06-23,5866
238,1093,all_inapp_meters_mid,electricity,2017-12-11,17879
238,1093,all_inapp_meters_mid,gas,2017-12-11,2548
238,1093,all_web_end,electricity,2018-05-24,19253
238,1093,all_web_end,gas,2018-05-24,2804
240,1095,all_inapp_meters_mid,electricity,2017-12-10,5456
240,1095,all_inapp_meters_mid,gas,2017-12-10,1886
240,1095,all_web_end,electricity,2018-05-23,6133
240,1095,all_web_end,gas,2018-05-23,2379
242,1104,all_inapp_meters_mid,electricity,2017-12-13,61677
242,1104,all_inapp_meters_mid,gas,2017-12-13,1822
242,1104,all_web_end,electricity,2018-05-29,63146
242,1104,all_web_end,gas,2018-05-29,2300
243,1099,all_web_end,electricity,2018-05-23,57807
243,1099,all_web_end,gas,2018-05-23,1269167
243,1100,all_inapp_meters_mid,electricity,2017-12-14,56478
243,1100,all_inapp_meters_mid,gas,2017-12-14,12064
244,1107,all_web_end,electricity,2018-05-23,230183
244,1107,all_web_end,gas,2018-05-23,9789
248,1128,all_inapp_meters_mid,electricity,2017-12-08,91858
248,1128,all_inapp_meters_mid,gas,2017-12-08,5930
251,1133,all_inapp_meters_mid,electricity,2017-12-10,92112
251,1133,all_inapp_meters_mid,gas,2017-12-10,13635
251,1133,all_web_end,electricity,2018-05-29,92731
251,1133,all_web_end,gas,2018-05-29,14212
252,1139,all_inapp_meters_mid,electricity,2017-12-08,7949
252,1139,all_inapp_meters_mid,gas,2017-12-08,4100
252,1139,all_web_end,electricity,2018-05-23,8687
252,1139,all_web_end,gas,2018-05-23,4646
253,1163,all_inapp_meters_mid,electricity,2017-12-13,1085
253,1163,all_inapp_meters_mid,gas,2017-12-13,21664
253,1163,all_web_end,electricity,2018-06-12,4196
253,1163,all_web_end,gas,2018-06-12,22444
254,1134,all_inapp_meters_mid,electricity,2017-12-07,30652
254,1134,all_inapp_meters_mid,gas,2017-12-07,3756013
255,1165,all_web_end,electricity,2018-06-03,67604
255,1165,all_web_end,gas,2018-06-03,19115
256,1142,all_inapp_meters_mid,electricity,2017-12-07,96935
256,1142,all_inapp_meters_mid,gas,2017-12-07,18940
256,1142,all_web_end,electricity,2018-05-28,97674
256,1142,all_web_end,gas,2018-05-28,19229
258,1147,all_inapp_meters_mid,electricity,2017-12-12,38043
258,1147,all_inapp_meters_mid,gas,2017-12-12,17904
258,1147,all_web_end,electricity,2018-06-12,38789
258,1147,all_web_end,gas,2018-06-12,18386
259,1176,all_web_end,electricity,2018-06-22,94682
259,1176,all_web_end,gas,2018-06-22,16245
260,1149,all_web_end,electricity,2018-05-29,44024
260,1149,all_web_end,gas,2018-05-29,8817
262,1151,all_inapp_meters_mid,electricity,2017-12-09,18508
262,1151,all_inapp_meters_mid,gas,2017-12-09,5213
266,1168,all_inapp_meters_mid,electricity,2017-12-07,80864
266,1168,all_web_end,electricity,2018-06-22,82757
266,1168,all_web_end,gas,2018-06-22,37511
268,1172,all_web_end,electricity,2018-05-26,18885
268,1172,all_web_end,gas,2018-05-26,1610
269,1184,all_web_end,electricity,2018-05-23,39307
269,1184,all_web_end,gas,2018-05-23,17724
270,1180,all_web_end,electricity,2018-05-24,25213
273,1188,all_web_end,electricity,2018-05-23,61987
273,1188,all_web_end,gas,2018-05-23,5542
275,1191,all_web_end,electricity,2018-06-03,31628
275,1191,all_web_end,gas,2018-06-03,9666
277,1198,all_web_end,electricity,2018-05-24,18946
277,1198,all_web_end,gas,2018-05-24,4104
279,1213,all_web_end,electricity,2018-06-24,98944
279,1213,all_web_end,gas,2018-06-24,9254
281,1214,all_web_end,electricity,2018-05-25,76695
281,1214,all_web_end,gas,2018-05-25,9932
283,1210,all_web_end,electricity,2018-05-23,13203
283,1210,all_web_end,gas,2018-05-23,30407
286,1222,all_web_end,electricity,2018-06-05,16043
286,1222,all_web_end,gas,2018-06-05,2407
287,1227,all_web_end,electricity,2018-05-25,72407
287,1227,all_web_end,gas,2018-05-25,2095
290,1238,all_web_end,electricity,2018-05-23,58311
290,1238,all_web_end,gas,2018-05-23,314
291,1223,all_web_end,electricity,2018-06-05,23318
291,1223,all_web_end,gas,2018-06-05,21188
292,1225,all_web_end,electricity,2018-06-06,23048
292,1225,all_web_end,gas,2018-06-06,3163
298,1246,all_web_end,electricity,2018-06-08,22639
298,1246,all_web_end,gas,2018-06-08,4896
299,1245,all_web_end,electricity,2018-05-23,3433
299,1245,all_web_end,gas,2018-05-23,2301
300,1248,all_web_end,electricity,2018-06-04,46225
300,1248,all_web_end,gas,2018-06-04,3814
304,1255,all_web_end,electricity,2018-06-05,73555
304,1255,all_web_end,gas,2018-06-05,20875
309,1272,all_web_end,electricity,2018-05-23,78140
309,1272,all_web_end,gas,2018-05-23,6573
311,1278,all_web_end,electricity,2018-06-29,27552
311,1278,all_web_end,gas,2018-06-29,13979282
318,1289,all_web_end,electricity,2018-06-22,3826.1
318,1289,all_web_end,gas,2018-06-22,8604
319,1288,all_web_end,electricity,2018-06-29,1359
319,1288,all_web_end,gas,2018-06-29,28514
320,1293,all_web_end,electricity,2018-06-05,87316
320,1293,all_web_end,gas,2018-06-05,4611
321,1295,all_web_end,electricity,2018-06-04,97446
321,1295,all_web_end,gas,2018-06-04,9643
322,1299,all_web_end,electricity,2018-05-23,88353
322,1299,all_web_end,gas,2018-05-23,10167
323,1296,all_web_end,electricity,2018-06-01,1552
323,1296,all_web_end,gas,2018-06-01,8631
326,1297,all_web_end,electricity,2018-05-27,63889
326,1297,all_web_end,gas,2018-05-27,3002
328,1306,all_web_end,electricity,2018-06-28,25531
328,1306,all_web_end,gas,2018-06-28,1018
329,1311,all_web_end,electricity,2018-06-08,17622
329,1311,all_web_end,gas,2018-06-08,3411
331,1324,all_web_end,electricity,2018-06-05,52596
331,1324,all_web_end,gas,2018-06-05,22526
335,1336,all_web_end,electricity,2018-06-05,20232
335,1336,all_web_end,gas,2018-06-05,15284
