otherapplianceid,homeid,appliance_name,number
1,113,outdoor_electric_space_heater,1
2,126,outdoor_gas_space_heater,2
3,306,outdoor_gas_space_heater,2
4,168,outdoor_hot_tub,1
5,89,outdoor_water_feature,1
6,102,outdoor_water_feature,1
7,161,outdoor_water_feature,1
8,169,outdoor_water_feature,1
9,260,outdoor_water_feature,1
10,272,outdoor_water_feature,1
11,325,outdoor_water_feature,1
12,65,outdoor_light,1
13,66,outdoor_light,1
14,67,outdoor_light,4
15,68,outdoor_light,3
16,69,outdoor_light,1
17,74,outdoor_light,2
18,76,outdoor_light,1
19,79,outdoor_light,1
20,86,outdoor_light,3
21,88,outdoor_light,1
22,89,outdoor_light,1
23,92,outdoor_light,2
24,96,outdoor_light,2
25,102,outdoor_light,1
26,113,outdoor_light,2
27,126,outdoor_light,2
28,129,outdoor_light,2
29,134,outdoor_light,4
30,136,outdoor_light,1
31,146,outdoor_light,1
32,152,outdoor_light,1
33,154,outdoor_light,1
34,160,outdoor_light,1
35,164,outdoor_light,2
36,165,outdoor_light,4
37,166,outdoor_light,2
38,168,outdoor_light,2
39,170,outdoor_light,1
40,175,outdoor_light,2
41,180,outdoor_light,1
42,181,outdoor_light,1
43,182,outdoor_light,1
44,184,outdoor_light,2
45,186,outdoor_light,1
46,187,outdoor_light,1
47,200,outdoor_light,1
48,202,outdoor_light,2
49,207,outdoor_light,2
50,209,outdoor_light,1
51,210,outdoor_light,1
52,211,outdoor_light,3
53,222,outdoor_light,1
54,226,outdoor_light,5+
55,230,outdoor_light,3
56,232,outdoor_light,2
57,233,outdoor_light,1
58,236,outdoor_light,1
59,242,outdoor_light,3
60,245,outdoor_light,4
61,246,outdoor_light,1
62,251,outdoor_light,1
63,260,outdoor_light,2
64,261,outdoor_light,1
65,264,outdoor_light,2
66,266,outdoor_light,2
67,270,outdoor_light,4
68,271,outdoor_light,1
69,272,outdoor_light,1
70,276,outdoor_light,1
71,281,outdoor_light,1
72,282,outdoor_light,1
73,283,outdoor_light,2
74,284,outdoor_light,1
75,286,outdoor_light,5+
76,290,outdoor_light,2
77,291,outdoor_light,2
78,293,outdoor_light,1
79,295,outdoor_light,2
80,298,outdoor_light,1
81,303,outdoor_light,2
82,305,outdoor_light,2
83,306,outdoor_light,1
84,307,outdoor_light,5+
85,309,outdoor_light,2
86,315,outdoor_light,1
87,316,outdoor_light,3
88,331,outdoor_light,2
89,335,outdoor_light,3
90,47,television,1
91,59,television,1
92,61,television,2
93,62,television,1
94,63,television,1
95,64,television,1
96,65,television,5+
97,66,television,1
98,67,television,3
99,68,television,4
100,69,television,2
101,70,television,1
102,71,television,1
103,72,television,1
104,73,television,1
105,74,television,1
106,75,television,1
107,76,television,3
108,77,television,1
109,78,television,1
110,79,television,1
111,80,television,1
112,81,television,3
113,82,television,1
114,83,television,3
115,84,television,2
116,85,television,1
117,86,television,3
118,88,television,2
119,89,television,2
120,90,television,1
121,91,television,1
122,94,television,1
123,96,television,2
124,97,television,2
125,98,television,1
126,99,television,1
127,100,television,2
128,101,television,1
129,102,television,3
130,105,television,1
131,106,television,1
132,107,television,5+
133,109,television,3
134,110,television,2
135,114,television,1
136,115,television,2
137,116,television,1
138,117,television,1
139,118,television,1
140,119,television,1
141,120,television,1
142,121,television,1
143,122,television,1
144,123,television,1
145,124,television,1
146,125,television,1
147,126,television,1
148,128,television,1
149,129,television,2
150,133,television,4
151,134,television,2
152,135,television,1
153,136,television,1
154,137,television,1
155,138,television,1
156,140,television,1
157,141,television,1
158,143,television,3
159,144,television,2
160,146,television,2
161,147,television,1
162,148,television,1
163,149,television,3
164,150,television,1
165,151,television,2
166,152,television,1
167,154,television,2
168,155,television,2
169,156,television,1
170,157,television,3
171,159,television,2
172,160,television,2
173,161,television,2
174,162,television,2
175,163,television,2
176,164,television,3
177,165,television,1
178,166,television,2
179,167,television,2
180,168,television,4
181,169,television,2
182,170,television,1
183,171,television,2
184,173,television,1
185,174,television,2
186,175,television,1
187,176,television,3
188,177,television,1
189,178,television,2
190,179,television,1
191,180,television,4
192,181,television,1
193,182,television,1
194,183,television,1
195,184,television,2
196,185,television,1
197,186,television,1
198,187,television,4
199,188,television,1
200,189,television,1
201,190,television,1
202,191,television,1
203,192,television,1
204,193,television,2
205,195,television,3
206,199,television,1
207,200,television,4
208,201,television,1
209,202,television,2
210,203,television,1
211,205,television,1
212,206,television,3
213,207,television,4
214,208,television,1
215,209,television,1
216,210,television,1
217,211,television,1
218,212,television,1
219,213,television,1
220,214,television,2
221,215,television,1
222,218,television,1
223,219,television,1
224,221,television,1
225,222,television,3
226,223,television,2
227,224,television,1
228,225,television,1
229,229,television,1
230,230,television,3
231,231,television,2
232,232,television,1
233,233,television,3
234,234,television,1
235,235,television,1
236,236,television,3
237,237,television,1
238,238,television,1
239,239,television,2
240,241,television,1
241,242,television,1
242,243,television,2
243,244,television,1
244,245,television,1
245,246,television,3
246,247,television,1
247,250,television,1
248,251,television,2
249,252,television,2
250,253,television,1
251,254,television,1
252,255,television,2
253,256,television,1
254,257,television,1
255,259,television,1
256,260,television,2
257,261,television,3
258,262,television,1
259,263,television,3
260,264,television,2
261,265,television,1
262,266,television,1
263,267,television,2
264,268,television,1
265,269,television,3
266,270,television,1
267,271,television,2
268,273,television,2
269,274,television,1
270,275,television,1
271,276,television,1
272,277,television,1
273,278,television,1
274,279,television,1
275,280,television,1
276,281,television,2
277,282,television,1
278,283,television,3
279,284,television,2
280,285,television,1
281,286,television,2
282,287,television,1
283,288,television,2
284,289,television,1
285,290,television,2
286,291,television,1
287,292,television,2
288,293,television,2
289,296,television,1
290,298,television,3
291,299,television,2
292,300,television,1
293,301,television,1
294,302,television,1
295,303,television,2
296,304,television,3
297,306,television,1
298,307,television,1
299,308,television,3
300,309,television,1
301,310,television,1
302,315,television,2
303,316,television,4
304,317,television,1
305,318,television,2
306,319,television,4
307,320,television,1
308,321,television,1
309,322,television,1
310,323,television,1
311,325,television,2
312,326,television,1
313,327,television,2
314,328,television,1
315,329,television,2
316,330,television,2
317,331,television,1
318,332,television,1
319,334,television,2
320,335,television,1
321,47,media_entertainment,3
322,59,media_entertainment,2
323,61,media_entertainment,1
324,62,media_entertainment,3
325,63,media_entertainment,2
326,64,media_entertainment,1
327,65,media_entertainment,3
328,66,media_entertainment,2
329,67,media_entertainment,3
330,68,media_entertainment,4
331,69,media_entertainment,1
332,70,media_entertainment,1
333,71,media_entertainment,2
334,72,media_entertainment,1
335,73,media_entertainment,1
336,74,media_entertainment,3
337,75,media_entertainment,1
338,76,media_entertainment,4
339,77,media_entertainment,1
340,78,media_entertainment,1
341,79,media_entertainment,4
342,80,media_entertainment,1
343,81,media_entertainment,2
344,82,media_entertainment,1
345,83,media_entertainment,3
346,84,media_entertainment,2
347,85,media_entertainment,2
348,86,media_entertainment,4
349,88,media_entertainment,1
350,89,media_entertainment,1
351,91,media_entertainment,1
352,94,media_entertainment,2
353,96,media_entertainment,3
354,97,media_entertainment,2
355,98,media_entertainment,3
356,99,media_entertainment,3
357,100,media_entertainment,1
358,101,media_entertainment,1
359,102,media_entertainment,3
360,105,media_entertainment,1
361,106,media_entertainment,2
362,107,media_entertainment,5+
363,109,media_entertainment,3
364,110,media_entertainment,2
365,113,media_entertainment,1
366,114,media_entertainment,2
367,115,media_entertainment,1
368,116,media_entertainment,2
369,117,media_entertainment,2
370,118,media_entertainment,2
371,119,media_entertainment,2
372,120,media_entertainment,2
373,121,media_entertainment,2
374,122,media_entertainment,2
375,123,media_entertainment,2
376,124,media_entertainment,1
377,125,media_entertainment,1
378,126,media_entertainment,2
379,128,media_entertainment,2
380,129,media_entertainment,2
381,133,media_entertainment,4
382,134,media_entertainment,3
383,135,media_entertainment,1
384,136,media_entertainment,2
385,137,media_entertainment,3
386,138,media_entertainment,3
387,140,media_entertainment,3
388,141,media_entertainment,3
389,143,media_entertainment,1
390,144,media_entertainment,3
391,146,media_entertainment,4
392,147,media_entertainment,2
393,148,media_entertainment,1
394,150,media_entertainment,1
395,151,media_entertainment,2
396,152,media_entertainment,2
397,154,media_entertainment,5+
398,155,media_entertainment,3
399,156,media_entertainment,2
400,157,media_entertainment,3
401,159,media_entertainment,2
402,160,media_entertainment,2
403,161,media_entertainment,2
404,162,media_entertainment,3
405,163,media_entertainment,4
406,164,media_entertainment,2
407,166,media_entertainment,2
408,167,media_entertainment,2
409,168,media_entertainment,5+
410,169,media_entertainment,4
411,170,media_entertainment,2
412,171,media_entertainment,2
413,173,media_entertainment,1
414,174,media_entertainment,4
415,175,media_entertainment,2
416,176,media_entertainment,4
417,177,media_entertainment,5+
418,178,media_entertainment,5+
419,179,media_entertainment,1
420,180,media_entertainment,5+
421,181,media_entertainment,2
422,183,media_entertainment,2
423,184,media_entertainment,5+
424,185,media_entertainment,1
425,186,media_entertainment,3
426,187,media_entertainment,4
427,188,media_entertainment,1
428,189,media_entertainment,2
429,191,media_entertainment,2
430,192,media_entertainment,4
431,193,media_entertainment,2
432,195,media_entertainment,3
433,199,media_entertainment,2
434,200,media_entertainment,4
435,201,media_entertainment,5+
436,202,media_entertainment,2
437,205,media_entertainment,2
438,206,media_entertainment,5+
439,207,media_entertainment,5+
440,208,media_entertainment,4
441,209,media_entertainment,1
442,210,media_entertainment,2
443,211,media_entertainment,3
444,212,media_entertainment,3
445,213,media_entertainment,2
446,214,media_entertainment,2
447,215,media_entertainment,2
448,218,media_entertainment,1
449,221,media_entertainment,1
450,222,media_entertainment,3
451,223,media_entertainment,1
452,224,media_entertainment,3
453,225,media_entertainment,2
454,226,media_entertainment,1
455,228,media_entertainment,1
456,229,media_entertainment,1
457,230,media_entertainment,5+
458,231,media_entertainment,2
459,232,media_entertainment,2
460,233,media_entertainment,5+
461,234,media_entertainment,4
462,235,media_entertainment,4
463,236,media_entertainment,4
464,237,media_entertainment,2
465,238,media_entertainment,3
466,239,media_entertainment,2
467,240,media_entertainment,1
468,242,media_entertainment,3
469,243,media_entertainment,4
470,244,media_entertainment,1
471,245,media_entertainment,1
472,246,media_entertainment,4
473,247,media_entertainment,2
474,250,media_entertainment,3
475,251,media_entertainment,4
476,252,media_entertainment,4
477,253,media_entertainment,2
478,254,media_entertainment,1
479,255,media_entertainment,2
480,256,media_entertainment,2
481,257,media_entertainment,3
482,259,media_entertainment,1
483,260,media_entertainment,2
484,261,media_entertainment,5+
485,262,media_entertainment,2
486,263,media_entertainment,1
487,264,media_entertainment,3
488,265,media_entertainment,2
489,266,media_entertainment,2
490,267,media_entertainment,3
491,268,media_entertainment,2
492,269,media_entertainment,3
493,270,media_entertainment,4
494,271,media_entertainment,1
495,273,media_entertainment,2
496,274,media_entertainment,1
497,275,media_entertainment,3
498,276,media_entertainment,2
499,278,media_entertainment,4
500,279,media_entertainment,5+
501,280,media_entertainment,1
502,281,media_entertainment,4
503,282,media_entertainment,2
504,283,media_entertainment,2
505,284,media_entertainment,2
506,285,media_entertainment,1
507,286,media_entertainment,1
508,287,media_entertainment,1
509,288,media_entertainment,2
510,289,media_entertainment,1
511,290,media_entertainment,2
512,291,media_entertainment,1
513,292,media_entertainment,1
514,293,media_entertainment,2
515,294,media_entertainment,1
516,296,media_entertainment,1
517,298,media_entertainment,4
518,300,media_entertainment,3
519,302,media_entertainment,2
520,303,media_entertainment,2
521,304,media_entertainment,4
522,306,media_entertainment,1
523,307,media_entertainment,3
524,308,media_entertainment,4
525,309,media_entertainment,2
526,310,media_entertainment,1
527,315,media_entertainment,1
528,316,media_entertainment,4
529,317,media_entertainment,3
530,318,media_entertainment,2
531,319,media_entertainment,3
532,321,media_entertainment,1
533,322,media_entertainment,3
534,325,media_entertainment,3
535,326,media_entertainment,2
536,327,media_entertainment,2
537,329,media_entertainment,2
538,330,media_entertainment,3
539,331,media_entertainment,3
540,332,media_entertainment,2
541,334,media_entertainment,4
542,335,media_entertainment,1
543,59,sound_system,3
544,61,sound_system,1
545,62,sound_system,2
546,63,sound_system,1
547,64,sound_system,1
548,65,sound_system,1
549,66,sound_system,1
550,67,sound_system,1
551,68,sound_system,1
552,69,sound_system,2
553,70,sound_system,1
554,72,sound_system,2
555,73,sound_system,1
556,74,sound_system,4
557,75,sound_system,1
558,76,sound_system,3
559,77,sound_system,1
560,78,sound_system,1
561,79,sound_system,2
562,80,sound_system,1
563,81,sound_system,1
564,82,sound_system,5+
565,83,sound_system,1
566,84,sound_system,3
567,85,sound_system,2
568,88,sound_system,2
569,89,sound_system,1
570,91,sound_system,3
571,92,sound_system,4
572,93,sound_system,5+
573,94,sound_system,2
574,96,sound_system,1
575,97,sound_system,2
576,98,sound_system,3
577,99,sound_system,1
578,100,sound_system,1
579,101,sound_system,1
580,102,sound_system,1
581,105,sound_system,3
582,107,sound_system,5+
583,109,sound_system,1
584,110,sound_system,3
585,113,sound_system,4
586,115,sound_system,1
587,116,sound_system,3
588,117,sound_system,1
589,119,sound_system,1
590,120,sound_system,2
591,122,sound_system,1
592,123,sound_system,3
593,124,sound_system,1
594,125,sound_system,2
595,126,sound_system,1
596,128,sound_system,1
597,129,sound_system,2
598,133,sound_system,3
599,134,sound_system,1
600,135,sound_system,1
601,136,sound_system,2
602,137,sound_system,1
603,138,sound_system,1
604,139,sound_system,2
605,140,sound_system,3
606,141,sound_system,1
607,143,sound_system,1
608,144,sound_system,1
609,145,sound_system,4
610,146,sound_system,1
611,147,sound_system,1
612,148,sound_system,2
613,149,sound_system,2
614,150,sound_system,1
615,151,sound_system,1
616,154,sound_system,1
617,155,sound_system,3
618,156,sound_system,5+
619,158,sound_system,3
620,160,sound_system,4
621,161,sound_system,1
622,162,sound_system,1
623,163,sound_system,1
624,164,sound_system,2
625,165,sound_system,3
626,166,sound_system,2
627,167,sound_system,2
628,168,sound_system,2
629,170,sound_system,1
630,171,sound_system,1
631,173,sound_system,1
632,174,sound_system,2
633,175,sound_system,2
634,176,sound_system,2
635,177,sound_system,2
636,178,sound_system,1
637,180,sound_system,1
638,181,sound_system,3
639,182,sound_system,3
640,183,sound_system,4
641,184,sound_system,5+
642,185,sound_system,1
643,186,sound_system,2
644,187,sound_system,5+
645,188,sound_system,1
646,189,sound_system,1
647,191,sound_system,3
648,192,sound_system,4
649,193,sound_system,5+
650,194,sound_system,2
651,195,sound_system,2
652,197,sound_system,1
653,199,sound_system,1
654,200,sound_system,2
655,201,sound_system,5+
656,202,sound_system,1
657,203,sound_system,1
658,205,sound_system,2
659,207,sound_system,5+
660,208,sound_system,1
661,209,sound_system,1
662,210,sound_system,2
663,211,sound_system,2
664,212,sound_system,4
665,213,sound_system,2
666,214,sound_system,2
667,215,sound_system,1
668,218,sound_system,2
669,219,sound_system,2
670,221,sound_system,1
671,222,sound_system,3
672,223,sound_system,1
673,224,sound_system,1
674,225,sound_system,2
675,226,sound_system,1
676,227,sound_system,3
677,228,sound_system,1
678,229,sound_system,2
679,230,sound_system,2
680,231,sound_system,3
681,232,sound_system,1
682,233,sound_system,3
683,235,sound_system,2
684,236,sound_system,2
685,237,sound_system,1
686,238,sound_system,1
687,240,sound_system,2
688,243,sound_system,1
689,245,sound_system,1
690,246,sound_system,5+
691,247,sound_system,2
692,249,sound_system,3
693,251,sound_system,3
694,252,sound_system,1
695,253,sound_system,3
696,254,sound_system,2
697,255,sound_system,3
698,256,sound_system,1
699,257,sound_system,1
700,258,sound_system,1
701,259,sound_system,1
702,261,sound_system,2
703,262,sound_system,1
704,263,sound_system,1
705,264,sound_system,1
706,265,sound_system,2
707,266,sound_system,3
708,267,sound_system,1
709,268,sound_system,3
710,269,sound_system,1
711,270,sound_system,2
712,271,sound_system,3
713,272,sound_system,1
714,273,sound_system,1
715,274,sound_system,2
716,275,sound_system,2
717,276,sound_system,5+
718,278,sound_system,1
719,279,sound_system,2
720,280,sound_system,4
721,281,sound_system,2
722,282,sound_system,2
723,283,sound_system,2
724,284,sound_system,2
725,285,sound_system,2
726,286,sound_system,2
727,287,sound_system,3
728,288,sound_system,1
729,289,sound_system,2
730,290,sound_system,3
731,291,sound_system,3
732,292,sound_system,5+
733,293,sound_system,2
734,294,sound_system,1
735,296,sound_system,2
736,298,sound_system,2
737,299,sound_system,1
738,300,sound_system,2
739,301,sound_system,1
740,302,sound_system,1
741,303,sound_system,2
742,305,sound_system,1
743,306,sound_system,1
744,307,sound_system,4
745,308,sound_system,1
746,310,sound_system,1
747,313,sound_system,1
748,315,sound_system,2
749,316,sound_system,2
750,317,sound_system,3
751,319,sound_system,2
752,320,sound_system,2
753,321,sound_system,1
754,322,sound_system,4
755,323,sound_system,1
756,326,sound_system,5+
757,327,sound_system,1
758,328,sound_system,1
759,330,sound_system,2
760,331,sound_system,3
761,332,sound_system,1
762,333,sound_system,1
763,334,sound_system,2
764,335,sound_system,1
765,78,humidifier,1
766,178,humidifier,1
767,298,humidifier,1
768,304,humidifier,1
769,318,humidifier,1
770,63,dehumidifier,1
771,93,dehumidifier,1
772,122,dehumidifier,1
773,136,dehumidifier,1
774,138,dehumidifier,1
775,150,dehumidifier,1
776,153,dehumidifier,1
777,163,dehumidifier,1
778,175,dehumidifier,1
779,176,dehumidifier,1
780,182,dehumidifier,1
781,184,dehumidifier,1
782,189,dehumidifier,1
783,195,dehumidifier,1
784,203,dehumidifier,1
785,218,dehumidifier,1
786,224,dehumidifier,1
787,230,dehumidifier,1
788,244,dehumidifier,1
789,258,dehumidifier,1
790,259,dehumidifier,1
791,260,dehumidifier,1
792,261,dehumidifier,1
793,262,dehumidifier,1
794,265,dehumidifier,1
795,268,dehumidifier,1
796,276,dehumidifier,2
797,283,dehumidifier,1
798,286,dehumidifier,1
799,301,dehumidifier,1
800,303,dehumidifier,1
801,311,dehumidifier,1
802,322,dehumidifier,1
803,328,dehumidifier,1
804,330,dehumidifier,1
805,335,dehumidifier,1
806,47,vacuum_cleaner,1
807,59,vacuum_cleaner,2
808,61,vacuum_cleaner,1
809,62,vacuum_cleaner,1
810,63,vacuum_cleaner,1
811,64,vacuum_cleaner,1
812,65,vacuum_cleaner,3
813,66,vacuum_cleaner,1
814,67,vacuum_cleaner,1
815,68,vacuum_cleaner,2
816,69,vacuum_cleaner,1
817,70,vacuum_cleaner,1
818,71,vacuum_cleaner,1
819,72,vacuum_cleaner,1
820,73,vacuum_cleaner,1
821,74,vacuum_cleaner,1
822,75,vacuum_cleaner,1
823,76,vacuum_cleaner,2
824,77,vacuum_cleaner,1
825,78,vacuum_cleaner,1
826,79,vacuum_cleaner,2
827,80,vacuum_cleaner,1
828,81,vacuum_cleaner,2
829,82,vacuum_cleaner,1
830,83,vacuum_cleaner,2
831,84,vacuum_cleaner,1
832,85,vacuum_cleaner,1
833,86,vacuum_cleaner,1
834,88,vacuum_cleaner,1
835,89,vacuum_cleaner,2
836,90,vacuum_cleaner,1
837,91,vacuum_cleaner,1
838,92,vacuum_cleaner,1
839,93,vacuum_cleaner,1
840,94,vacuum_cleaner,1
841,96,vacuum_cleaner,1
842,97,vacuum_cleaner,1
843,98,vacuum_cleaner,1
844,99,vacuum_cleaner,2
845,100,vacuum_cleaner,2
846,101,vacuum_cleaner,1
847,102,vacuum_cleaner,1
848,105,vacuum_cleaner,1
849,106,vacuum_cleaner,1
850,107,vacuum_cleaner,5+
851,109,vacuum_cleaner,1
852,110,vacuum_cleaner,1
853,113,vacuum_cleaner,1
854,114,vacuum_cleaner,1
855,115,vacuum_cleaner,1
856,116,vacuum_cleaner,1
857,117,vacuum_cleaner,1
858,118,vacuum_cleaner,1
859,119,vacuum_cleaner,1
860,120,vacuum_cleaner,1
861,121,vacuum_cleaner,1
862,122,vacuum_cleaner,1
863,123,vacuum_cleaner,1
864,124,vacuum_cleaner,1
865,125,vacuum_cleaner,1
866,126,vacuum_cleaner,1
867,128,vacuum_cleaner,1
868,129,vacuum_cleaner,1
869,133,vacuum_cleaner,1
870,134,vacuum_cleaner,2
871,135,vacuum_cleaner,1
872,136,vacuum_cleaner,1
873,137,vacuum_cleaner,1
874,138,vacuum_cleaner,1
875,139,vacuum_cleaner,1
876,140,vacuum_cleaner,1
877,141,vacuum_cleaner,1
878,143,vacuum_cleaner,1
879,144,vacuum_cleaner,1
880,145,vacuum_cleaner,1
881,146,vacuum_cleaner,1
882,147,vacuum_cleaner,1
883,148,vacuum_cleaner,1
884,149,vacuum_cleaner,1
885,150,vacuum_cleaner,1
886,151,vacuum_cleaner,1
887,152,vacuum_cleaner,1
888,153,vacuum_cleaner,1
889,154,vacuum_cleaner,1
890,155,vacuum_cleaner,1
891,156,vacuum_cleaner,1
892,157,vacuum_cleaner,1
893,158,vacuum_cleaner,1
894,159,vacuum_cleaner,1
895,160,vacuum_cleaner,1
896,161,vacuum_cleaner,1
897,162,vacuum_cleaner,1
898,163,vacuum_cleaner,1
899,164,vacuum_cleaner,1
900,165,vacuum_cleaner,1
901,166,vacuum_cleaner,1
902,167,vacuum_cleaner,1
903,169,vacuum_cleaner,2
904,170,vacuum_cleaner,1
905,171,vacuum_cleaner,1
906,173,vacuum_cleaner,1
907,174,vacuum_cleaner,1
908,175,vacuum_cleaner,3
909,176,vacuum_cleaner,1
910,177,vacuum_cleaner,1
911,178,vacuum_cleaner,1
912,180,vacuum_cleaner,1
913,181,vacuum_cleaner,1
914,182,vacuum_cleaner,1
915,183,vacuum_cleaner,1
916,184,vacuum_cleaner,1
917,185,vacuum_cleaner,1
918,186,vacuum_cleaner,1
919,187,vacuum_cleaner,1
920,188,vacuum_cleaner,1
921,189,vacuum_cleaner,1
922,190,vacuum_cleaner,1
923,191,vacuum_cleaner,1
924,192,vacuum_cleaner,1
925,193,vacuum_cleaner,1
926,194,vacuum_cleaner,1
927,195,vacuum_cleaner,1
928,197,vacuum_cleaner,1
929,199,vacuum_cleaner,1
930,200,vacuum_cleaner,1
931,201,vacuum_cleaner,1
932,202,vacuum_cleaner,1
933,203,vacuum_cleaner,2
934,205,vacuum_cleaner,1
935,206,vacuum_cleaner,1
936,207,vacuum_cleaner,4
937,208,vacuum_cleaner,1
938,209,vacuum_cleaner,1
939,210,vacuum_cleaner,1
940,211,vacuum_cleaner,1
941,212,vacuum_cleaner,1
942,213,vacuum_cleaner,1
943,214,vacuum_cleaner,1
944,215,vacuum_cleaner,1
945,216,vacuum_cleaner,1
946,218,vacuum_cleaner,1
947,219,vacuum_cleaner,1
948,221,vacuum_cleaner,1
949,222,vacuum_cleaner,1
950,223,vacuum_cleaner,1
951,224,vacuum_cleaner,2
952,225,vacuum_cleaner,1
953,226,vacuum_cleaner,1
954,227,vacuum_cleaner,1
955,229,vacuum_cleaner,1
956,230,vacuum_cleaner,1
957,231,vacuum_cleaner,2
958,232,vacuum_cleaner,1
959,233,vacuum_cleaner,1
960,234,vacuum_cleaner,1
961,235,vacuum_cleaner,1
962,236,vacuum_cleaner,1
963,237,vacuum_cleaner,2
964,238,vacuum_cleaner,1
965,239,vacuum_cleaner,1
966,240,vacuum_cleaner,1
967,241,vacuum_cleaner,1
968,242,vacuum_cleaner,1
969,243,vacuum_cleaner,2
970,244,vacuum_cleaner,1
971,245,vacuum_cleaner,1
972,246,vacuum_cleaner,1
973,247,vacuum_cleaner,1
974,248,vacuum_cleaner,1
975,249,vacuum_cleaner,1
976,250,vacuum_cleaner,1
977,251,vacuum_cleaner,1
978,252,vacuum_cleaner,1
979,253,vacuum_cleaner,1
980,254,vacuum_cleaner,1
981,255,vacuum_cleaner,1
982,256,vacuum_cleaner,1
983,257,vacuum_cleaner,1
984,258,vacuum_cleaner,1
985,259,vacuum_cleaner,1
986,260,vacuum_cleaner,2
987,261,vacuum_cleaner,1
988,262,vacuum_cleaner,1
989,263,vacuum_cleaner,1
990,264,vacuum_cleaner,1
991,265,vacuum_cleaner,1
992,266,vacuum_cleaner,1
993,267,vacuum_cleaner,1
994,268,vacuum_cleaner,1
995,269,vacuum_cleaner,2
996,270,vacuum_cleaner,1
997,271,vacuum_cleaner,1
998,273,vacuum_cleaner,1
999,274,vacuum_cleaner,1
1000,275,vacuum_cleaner,1
1001,276,vacuum_cleaner,1
1002,277,vacuum_cleaner,1
1003,278,vacuum_cleaner,1
1004,279,vacuum_cleaner,1
1005,280,vacuum_cleaner,1
1006,281,vacuum_cleaner,2
1007,282,vacuum_cleaner,1
1008,283,vacuum_cleaner,1
1009,284,vacuum_cleaner,1
1010,285,vacuum_cleaner,1
1011,286,vacuum_cleaner,1
1012,287,vacuum_cleaner,1
1013,288,vacuum_cleaner,1
1014,289,vacuum_cleaner,1
1015,290,vacuum_cleaner,1
1016,291,vacuum_cleaner,1
1017,292,vacuum_cleaner,1
1018,293,vacuum_cleaner,1
1019,294,vacuum_cleaner,1
1020,295,vacuum_cleaner,1
1021,296,vacuum_cleaner,1
1022,298,vacuum_cleaner,1
1023,299,vacuum_cleaner,1
1024,300,vacuum_cleaner,1
1025,301,vacuum_cleaner,1
1026,302,vacuum_cleaner,1
1027,303,vacuum_cleaner,1
1028,304,vacuum_cleaner,1
1029,305,vacuum_cleaner,1
1030,306,vacuum_cleaner,1
1031,307,vacuum_cleaner,2
1032,308,vacuum_cleaner,1
1033,309,vacuum_cleaner,1
1034,310,vacuum_cleaner,1
1035,311,vacuum_cleaner,1
1036,313,vacuum_cleaner,1
1037,315,vacuum_cleaner,1
1038,316,vacuum_cleaner,1
1039,317,vacuum_cleaner,1
1040,318,vacuum_cleaner,1
1041,319,vacuum_cleaner,1
1042,320,vacuum_cleaner,1
1043,321,vacuum_cleaner,1
1044,322,vacuum_cleaner,1
1045,323,vacuum_cleaner,1
1046,325,vacuum_cleaner,1
1047,326,vacuum_cleaner,1
1048,327,vacuum_cleaner,1
1049,328,vacuum_cleaner,1
1050,329,vacuum_cleaner,1
1051,330,vacuum_cleaner,1
1052,331,vacuum_cleaner,1
1053,332,vacuum_cleaner,2
1054,333,vacuum_cleaner,1
1055,334,vacuum_cleaner,1
1056,335,vacuum_cleaner,1
1057,47,iron,1
1058,59,iron,1
1059,61,iron,1
1060,62,iron,1
1061,63,iron,1
1062,64,iron,1
1063,65,iron,1
1064,66,iron,1
1065,67,iron,1
1066,68,iron,1
1067,69,iron,1
1068,70,iron,1
1069,71,iron,1
1070,72,iron,1
1071,73,iron,1
1072,74,iron,1
1073,76,iron,1
1074,77,iron,1
1075,78,iron,1
1076,79,iron,1
1077,80,iron,1
1078,81,iron,1
1079,82,iron,1
1080,83,iron,1
1081,84,iron,1
1082,85,iron,1
1083,86,iron,1
1084,88,iron,1
1085,89,iron,1
1086,90,iron,1
1087,91,iron,1
1088,92,iron,1
1089,93,iron,1
1090,94,iron,1
1091,96,iron,1
1092,97,iron,1
1093,98,iron,1
1094,99,iron,1
1095,100,iron,2
1096,102,iron,1
1097,105,iron,1
1098,106,iron,1
1099,107,iron,5+
1100,109,iron,1
1101,110,iron,1
1102,113,iron,1
1103,114,iron,1
1104,115,iron,1
1105,116,iron,1
1106,117,iron,1
1107,118,iron,1
1108,119,iron,1
1109,120,iron,1
1110,121,iron,1
1111,122,iron,1
1112,123,iron,1
1113,124,iron,1
1114,125,iron,1
1115,126,iron,2
1116,128,iron,1
1117,129,iron,1
1118,133,iron,1
1119,134,iron,1
1120,135,iron,1
1121,136,iron,1
1122,137,iron,1
1123,138,iron,1
1124,139,iron,1
1125,140,iron,1
1126,141,iron,1
1127,143,iron,1
1128,144,iron,1
1129,145,iron,1
1130,146,iron,1
1131,147,iron,1
1132,148,iron,1
1133,149,iron,1
1134,150,iron,1
1135,151,iron,1
1136,152,iron,1
1137,153,iron,1
1138,154,iron,1
1139,155,iron,1
1140,156,iron,1
1141,157,iron,1
1142,158,iron,1
1143,159,iron,1
1144,160,iron,1
1145,161,iron,1
1146,162,iron,1
1147,163,iron,1
1148,164,iron,1
1149,165,iron,1
1150,166,iron,1
1151,167,iron,1
1152,168,iron,1
1153,169,iron,1
1154,170,iron,1
1155,171,iron,1
1156,173,iron,1
1157,174,iron,1
1158,175,iron,1
1159,176,iron,1
1160,177,iron,1
1161,178,iron,1
1162,180,iron,1
1163,181,iron,1
1164,182,iron,1
1165,183,iron,1
1166,184,iron,1
1167,185,iron,1
1168,186,iron,1
1169,187,iron,1
1170,188,iron,1
1171,189,iron,1
1172,190,iron,1
1173,191,iron,1
1174,192,iron,1
1175,193,iron,2
1176,194,iron,1
1177,195,iron,1
1178,197,iron,1
1179,199,iron,1
1180,200,iron,1
1181,201,iron,1
1182,202,iron,1
1183,203,iron,1
1184,205,iron,1
1185,206,iron,1
1186,207,iron,3
1187,208,iron,1
1188,209,iron,1
1189,210,iron,1
1190,211,iron,1
1191,212,iron,1
1192,213,iron,1
1193,214,iron,1
1194,215,iron,1
1195,216,iron,1
1196,218,iron,1
1197,219,iron,1
1198,221,iron,1
1199,222,iron,1
1200,223,iron,1
1201,225,iron,1
1202,226,iron,1
1203,227,iron,1
1204,228,iron,1
1205,229,iron,1
1206,230,iron,1
1207,231,iron,1
1208,232,iron,1
1209,233,iron,1
1210,234,iron,1
1211,235,iron,1
1212,236,iron,1
1213,237,iron,1
1214,238,iron,1
1215,239,iron,1
1216,240,iron,1
1217,241,iron,1
1218,242,iron,1
1219,243,iron,1
1220,244,iron,1
1221,245,iron,1
1222,246,iron,2
1223,247,iron,1
1224,248,iron,1
1225,249,iron,1
1226,250,iron,1
1227,251,iron,1
1228,252,iron,1
1229,253,iron,1
1230,254,iron,1
1231,255,iron,1
1232,256,iron,1
1233,257,iron,1
1234,258,iron,1
1235,259,iron,1
1236,260,iron,1
1237,261,iron,1
1238,262,iron,1
1239,264,iron,1
1240,265,iron,1
1241,266,iron,1
1242,267,iron,1
1243,268,iron,1
1244,269,iron,1
1245,270,iron,1
1246,271,iron,1
1247,272,iron,1
1248,273,iron,1
1249,274,iron,1
1250,275,iron,1
1251,276,iron,1
1252,277,iron,1
1253,278,iron,1
1254,279,iron,1
1255,280,iron,1
1256,281,iron,1
1257,282,iron,1
1258,283,iron,1
1259,284,iron,1
1260,285,iron,1
1261,286,iron,1
1262,287,iron,1
1263,288,iron,1
1264,289,iron,1
1265,290,iron,1
1266,291,iron,1
1267,292,iron,1
1268,294,iron,1
1269,295,iron,1
1270,296,iron,1
1271,298,iron,1
1272,299,iron,2
1273,300,iron,2
1274,301,iron,1
1275,302,iron,1
1276,303,iron,1
1277,304,iron,1
1278,305,iron,1
1279,306,iron,1
1280,307,iron,1
1281,308,iron,1
1282,309,iron,1
1283,310,iron,1
1284,311,iron,1
1285,313,iron,1
1286,315,iron,1
1287,316,iron,1
1288,317,iron,1
1289,318,iron,1
1290,319,iron,1
1291,320,iron,1
1292,321,iron,1
1293,322,iron,1
1294,323,iron,1
1295,325,iron,1
1296,326,iron,1
1297,327,iron,1
1298,328,iron,1
1299,329,iron,1
1300,330,iron,1
1301,331,iron,1
1302,332,iron,1
1303,333,iron,1
1304,334,iron,1
1305,335,iron,1
1306,47,electric_heater,2
1307,65,electric_heater,1
1308,69,electric_heater,1
1309,74,electric_heater,2
1310,76,electric_heater,1
1311,78,electric_heater,1
1312,79,electric_heater,2
1313,83,electric_heater,2
1314,84,electric_heater,1
1315,86,electric_heater,1
1316,88,electric_heater,2
1317,94,electric_heater,1
1318,102,electric_heater,1
1319,105,electric_heater,1
1320,109,electric_heater,1
1321,113,electric_heater,1
1322,119,electric_heater,1
1323,121,electric_heater,2
1324,123,electric_heater,1
1325,134,electric_heater,2
1326,135,electric_heater,1
1327,138,electric_heater,1
1328,140,electric_heater,1
1329,147,electric_heater,1
1330,149,electric_heater,2
1331,156,electric_heater,1
1332,158,electric_heater,1
1333,159,electric_heater,1
1334,160,electric_heater,2
1335,165,electric_heater,2
1336,166,electric_heater,1
1337,170,electric_heater,1
1338,174,electric_heater,1
1339,178,electric_heater,1
1340,181,electric_heater,1
1341,182,electric_heater,3
1342,187,electric_heater,2
1343,199,electric_heater,2
1344,200,electric_heater,1
1345,201,electric_heater,1
1346,203,electric_heater,1
1347,205,electric_heater,1
1348,214,electric_heater,1
1349,223,electric_heater,1
1350,224,electric_heater,1
1351,225,electric_heater,1
1352,227,electric_heater,1
1353,229,electric_heater,1
1354,231,electric_heater,1
1355,234,electric_heater,1
1356,235,electric_heater,3
1357,240,electric_heater,1
1358,242,electric_heater,2
1359,243,electric_heater,1
1360,246,electric_heater,2
1361,249,electric_heater,1
1362,251,electric_heater,1
1363,253,electric_heater,1
1364,258,electric_heater,1
1365,259,electric_heater,1
1366,260,electric_heater,1
1367,266,electric_heater,2
1368,268,electric_heater,4
1369,269,electric_heater,2
1370,273,electric_heater,1
1371,277,electric_heater,1
1372,278,electric_heater,1
1373,280,electric_heater,1
1374,287,electric_heater,1
1375,289,electric_heater,1
1376,290,electric_heater,1
1377,296,electric_heater,2
1378,298,electric_heater,1
1379,299,electric_heater,1
1380,305,electric_heater,1
1381,306,electric_heater,2
1382,307,electric_heater,1
1383,311,electric_heater,1
1384,320,electric_heater,1
1385,322,electric_heater,1
1386,325,electric_heater,1
1387,327,electric_heater,1
1388,335,electric_heater,1
1389,47,electric_blanket,1
1390,59,electric_blanket,1
1391,67,electric_blanket,1
1392,78,electric_blanket,2
1393,86,electric_blanket,2
1394,89,electric_blanket,1
1395,97,electric_blanket,1
1396,119,electric_blanket,1
1397,121,electric_blanket,1
1398,122,electric_blanket,2
1399,126,electric_blanket,1
1400,134,electric_blanket,1
1401,135,electric_blanket,1
1402,136,electric_blanket,1
1403,138,electric_blanket,1
1404,149,electric_blanket,1
1405,153,electric_blanket,1
1406,160,electric_blanket,2
1407,165,electric_blanket,1
1408,169,electric_blanket,1
1409,170,electric_blanket,1
1410,174,electric_blanket,1
1411,181,electric_blanket,1
1412,182,electric_blanket,1
1413,184,electric_blanket,1
1414,188,electric_blanket,1
1415,192,electric_blanket,1
1416,193,electric_blanket,2
1417,199,electric_blanket,1
1418,200,electric_blanket,4
1419,201,electric_blanket,1
1420,212,electric_blanket,1
1421,215,electric_blanket,1
1422,222,electric_blanket,1
1423,229,electric_blanket,1
1424,235,electric_blanket,1
1425,246,electric_blanket,1
1426,250,electric_blanket,1
1427,251,electric_blanket,1
1428,260,electric_blanket,1
1429,272,electric_blanket,1
1430,275,electric_blanket,1
1431,276,electric_blanket,1
1432,278,electric_blanket,2
1433,282,electric_blanket,1
1434,288,electric_blanket,1
1435,298,electric_blanket,1
1436,299,electric_blanket,2
1437,303,electric_blanket,1
1438,306,electric_blanket,1
1439,310,electric_blanket,1
1440,317,electric_blanket,1
1441,326,electric_blanket,1
1442,330,electric_blanket,1
1443,332,electric_blanket,1
1444,335,electric_blanket,1
1445,69,electric_fan,1
1446,76,electric_fan,1
1447,78,electric_fan,2
1448,81,electric_fan,1
1449,96,electric_fan,2
1450,106,electric_fan,1
1451,110,electric_fan,1
1452,113,electric_fan,1
1453,121,electric_fan,1
1454,122,electric_fan,1
1455,136,electric_fan,1
1456,144,electric_fan,1
1457,146,electric_fan,2
1458,154,electric_fan,2
1459,160,electric_fan,1
1460,161,electric_fan,1
1461,162,electric_fan,1
1462,163,electric_fan,1
1463,174,electric_fan,1
1464,176,electric_fan,1
1465,180,electric_fan,1
1466,187,electric_fan,2
1467,200,electric_fan,1
1468,222,electric_fan,2
1469,223,electric_fan,1
1470,224,electric_fan,2
1471,231,electric_fan,1
1472,235,electric_fan,2
1473,242,electric_fan,2
1474,266,electric_fan,1
1475,271,electric_fan,1
1476,275,electric_fan,1
1477,279,electric_fan,1
1478,284,electric_fan,1
1479,290,electric_fan,2
1480,299,electric_fan,1
1481,303,electric_fan,1
1482,304,electric_fan,1
1483,319,electric_fan,1
1484,321,electric_fan,1
1485,325,electric_fan,1
1486,335,electric_fan,2
1487,136,air_conditioning,1
1488,164,air_conditioning,1
1489,47,computer,1
1490,74,computer,3
1491,77,computer,1
1492,78,computer,1
1493,79,computer,2
1494,80,computer,1
1495,82,computer,1
1496,84,computer,1
1497,85,computer,1
1498,86,computer,1
1499,93,computer,1
1500,97,computer,1
1501,100,computer,1
1502,116,computer,1
1503,119,computer,2
1504,120,computer,1
1505,121,computer,1
1506,122,computer,2
1507,126,computer,1
1508,129,computer,1
1509,134,computer,1
1510,135,computer,1
1511,136,computer,2
1512,138,computer,1
1513,143,computer,1
1514,144,computer,1
1515,146,computer,5+
1516,147,computer,3
1517,151,computer,1
1518,152,computer,1
1519,162,computer,1
1520,163,computer,1
1521,164,computer,1
1522,170,computer,1
1523,174,computer,1
1524,175,computer,1
1525,177,computer,1
1526,181,computer,1
1527,182,computer,1
1528,183,computer,1
1529,186,computer,1
1530,189,computer,1
1531,191,computer,1
1532,192,computer,1
1533,194,computer,1
1534,199,computer,5+
1535,202,computer,1
1536,206,computer,1
1537,208,computer,2
1538,211,computer,1
1539,219,computer,1
1540,222,computer,1
1541,226,computer,1
1542,230,computer,2
1543,232,computer,2
1544,233,computer,1
1545,239,computer,1
1546,242,computer,1
1547,246,computer,2
1548,247,computer,1
1549,249,computer,1
1550,250,computer,1
1551,251,computer,1
1552,255,computer,1
1553,259,computer,1
1554,260,computer,1
1555,262,computer,1
1556,264,computer,1
1557,280,computer,1
1558,281,computer,1
1559,282,computer,1
1560,283,computer,1
1561,287,computer,3
1562,288,computer,1
1563,291,computer,1
1564,292,computer,1
1565,296,computer,1
1566,300,computer,1
1567,304,computer,1
1568,306,computer,2
1569,316,computer,4
1570,318,computer,2
1571,319,computer,2
1572,329,computer,1
1573,335,computer,1
1574,47,laptop,2
1575,59,laptop,2
1576,61,laptop,1
1577,62,laptop,2
1578,63,laptop,1
1579,64,laptop,1
1580,65,laptop,2
1581,66,laptop,4
1582,67,laptop,1
1583,68,laptop,1
1584,69,laptop,1
1585,70,laptop,1
1586,71,laptop,1
1587,72,laptop,3
1588,74,laptop,1
1589,75,laptop,2
1590,76,laptop,1
1591,77,laptop,1
1592,78,laptop,2
1593,79,laptop,1
1594,81,laptop,1
1595,82,laptop,1
1596,83,laptop,1
1597,85,laptop,1
1598,86,laptop,1
1599,88,laptop,1
1600,89,laptop,2
1601,90,laptop,1
1602,91,laptop,2
1603,92,laptop,2
1604,93,laptop,3
1605,94,laptop,2
1606,96,laptop,1
1607,97,laptop,1
1608,98,laptop,1
1609,99,laptop,2
1610,100,laptop,1
1611,101,laptop,1
1612,102,laptop,2
1613,105,laptop,1
1614,106,laptop,1
1615,107,laptop,5+
1616,109,laptop,1
1617,110,laptop,2
1618,113,laptop,2
1619,114,laptop,1
1620,115,laptop,1
1621,116,laptop,2
1622,117,laptop,1
1623,118,laptop,1
1624,120,laptop,1
1625,121,laptop,1
1626,122,laptop,2
1627,123,laptop,1
1628,124,laptop,3
1629,125,laptop,1
1630,126,laptop,1
1631,128,laptop,1
1632,129,laptop,1
1633,133,laptop,2
1634,134,laptop,2
1635,135,laptop,2
1636,136,laptop,1
1637,137,laptop,2
1638,138,laptop,1
1639,139,laptop,3
1640,140,laptop,2
1641,141,laptop,1
1642,144,laptop,2
1643,145,laptop,2
1644,146,laptop,1
1645,147,laptop,2
1646,148,laptop,2
1647,149,laptop,2
1648,150,laptop,3
1649,152,laptop,1
1650,153,laptop,2
1651,154,laptop,2
1652,155,laptop,2
1653,156,laptop,1
1654,157,laptop,1
1655,158,laptop,2
1656,159,laptop,2
1657,160,laptop,2
1658,161,laptop,1
1659,162,laptop,2
1660,163,laptop,1
1661,164,laptop,2
1662,165,laptop,1
1663,166,laptop,1
1664,167,laptop,1
1665,168,laptop,4
1666,169,laptop,5+
1667,170,laptop,2
1668,171,laptop,1
1669,173,laptop,1
1670,174,laptop,2
1671,175,laptop,1
1672,176,laptop,3
1673,177,laptop,1
1674,178,laptop,2
1675,179,laptop,2
1676,180,laptop,1
1677,181,laptop,1
1678,182,laptop,4
1679,183,laptop,1
1680,184,laptop,1
1681,185,laptop,1
1682,186,laptop,1
1683,187,laptop,3
1684,188,laptop,1
1685,189,laptop,2
1686,190,laptop,2
1687,191,laptop,1
1688,192,laptop,1
1689,193,laptop,2
1690,195,laptop,2
1691,197,laptop,2
1692,199,laptop,4
1693,200,laptop,2
1694,201,laptop,1
1695,205,laptop,1
1696,206,laptop,1
1697,207,laptop,5+
1698,208,laptop,3
1699,209,laptop,2
1700,210,laptop,1
1701,211,laptop,3
1702,212,laptop,1
1703,213,laptop,1
1704,214,laptop,1
1705,215,laptop,1
1706,216,laptop,1
1707,218,laptop,1
1708,219,laptop,1
1709,221,laptop,2
1710,222,laptop,2
1711,223,laptop,1
1712,224,laptop,2
1713,225,laptop,2
1714,226,laptop,3
1715,227,laptop,1
1716,228,laptop,1
1717,229,laptop,2
1718,230,laptop,1
1719,231,laptop,2
1720,232,laptop,2
1721,233,laptop,2
1722,234,laptop,1
1723,235,laptop,2
1724,236,laptop,1
1725,237,laptop,3
1726,238,laptop,2
1727,239,laptop,2
1728,240,laptop,1
1729,241,laptop,2
1730,242,laptop,1
1731,243,laptop,1
1732,244,laptop,2
1733,245,laptop,2
1734,246,laptop,3
1735,247,laptop,2
1736,248,laptop,1
1737,249,laptop,1
1738,250,laptop,1
1739,252,laptop,2
1740,253,laptop,1
1741,254,laptop,1
1742,255,laptop,1
1743,257,laptop,1
1744,258,laptop,1
1745,259,laptop,3
1746,260,laptop,1
1747,261,laptop,2
1748,262,laptop,1
1749,263,laptop,1
1750,264,laptop,3
1751,265,laptop,2
1752,266,laptop,2
1753,267,laptop,2
1754,268,laptop,1
1755,269,laptop,1
1756,270,laptop,2
1757,271,laptop,2
1758,272,laptop,2
1759,273,laptop,1
1760,274,laptop,1
1761,275,laptop,2
1762,276,laptop,1
1763,277,laptop,1
1764,278,laptop,1
1765,279,laptop,1
1766,281,laptop,1
1767,283,laptop,1
1768,284,laptop,5+
1769,285,laptop,2
1770,286,laptop,2
1771,287,laptop,4
1772,288,laptop,1
1773,289,laptop,1
1774,290,laptop,2
1775,291,laptop,2
1776,292,laptop,1
1777,293,laptop,2
1778,294,laptop,2
1779,295,laptop,1
1780,298,laptop,2
1781,299,laptop,2
1782,300,laptop,1
1783,301,laptop,2
1784,302,laptop,2
1785,303,laptop,1
1786,304,laptop,1
1787,305,laptop,2
1788,306,laptop,1
1789,307,laptop,3
1790,308,laptop,1
1791,309,laptop,1
1792,310,laptop,2
1793,311,laptop,2
1794,313,laptop,3
1795,315,laptop,2
1796,317,laptop,1
1797,319,laptop,1
1798,320,laptop,2
1799,321,laptop,1
1800,322,laptop,3
1801,323,laptop,1
1802,325,laptop,2
1803,326,laptop,1
1804,327,laptop,2
1805,328,laptop,1
1806,329,laptop,2
1807,330,laptop,3
1808,331,laptop,3
1809,332,laptop,1
1810,333,laptop,1
1811,334,laptop,2
1812,47,tablet,2
1813,59,tablet,2
1814,61,tablet,1
1815,62,tablet,2
1816,63,tablet,2
1817,64,tablet,2
1818,65,tablet,2
1819,66,tablet,2
1820,67,tablet,2
1821,68,tablet,3
1822,69,tablet,2
1823,70,tablet,2
1824,72,tablet,2
1825,73,tablet,1
1826,74,tablet,2
1827,75,tablet,1
1828,76,tablet,1
1829,77,tablet,2
1830,78,tablet,4
1831,79,tablet,3
1832,80,tablet,1
1833,81,tablet,2
1834,82,tablet,3
1835,83,tablet,3
1836,84,tablet,2
1837,85,tablet,1
1838,86,tablet,2
1839,88,tablet,2
1840,89,tablet,2
1841,90,tablet,1
1842,91,tablet,3
1843,92,tablet,3
1844,93,tablet,3
1845,94,tablet,2
1846,96,tablet,3
1847,97,tablet,2
1848,98,tablet,1
1849,99,tablet,4
1850,100,tablet,1
1851,101,tablet,2
1852,102,tablet,1
1853,105,tablet,1
1854,106,tablet,2
1855,107,tablet,5+
1856,109,tablet,2
1857,110,tablet,2
1858,113,tablet,2
1859,115,tablet,2
1860,116,tablet,1
1861,117,tablet,2
1862,118,tablet,1
1863,119,tablet,1
1864,121,tablet,2
1865,122,tablet,3
1866,123,tablet,2
1867,124,tablet,5+
1868,125,tablet,1
1869,126,tablet,1
1870,128,tablet,1
1871,129,tablet,1
1872,133,tablet,3
1873,134,tablet,3
1874,135,tablet,2
1875,136,tablet,2
1876,137,tablet,1
1877,138,tablet,2
1878,139,tablet,1
1879,140,tablet,2
1880,141,tablet,2
1881,143,tablet,1
1882,144,tablet,4
1883,145,tablet,3
1884,146,tablet,2
1885,147,tablet,1
1886,148,tablet,1
1887,149,tablet,1
1888,150,tablet,2
1889,151,tablet,2
1890,152,tablet,2
1891,153,tablet,1
1892,154,tablet,1
1893,155,tablet,3
1894,156,tablet,1
1895,157,tablet,2
1896,158,tablet,2
1897,159,tablet,2
1898,160,tablet,3
1899,161,tablet,3
1900,162,tablet,3
1901,163,tablet,1
1902,164,tablet,2
1903,165,tablet,2
1904,166,tablet,3
1905,167,tablet,1
1906,168,tablet,3
1907,169,tablet,5+
1908,170,tablet,3
1909,171,tablet,1
1910,173,tablet,2
1911,174,tablet,2
1912,175,tablet,1
1913,176,tablet,1
1914,177,tablet,2
1915,178,tablet,3
1916,179,tablet,2
1917,180,tablet,2
1918,181,tablet,3
1919,182,tablet,1
1920,183,tablet,2
1921,184,tablet,3
1922,185,tablet,2
1923,186,tablet,2
1924,187,tablet,4
1925,188,tablet,1
1926,189,tablet,2
1927,191,tablet,2
1928,192,tablet,2
1929,193,tablet,2
1930,194,tablet,2
1931,195,tablet,2
1932,197,tablet,3
1933,199,tablet,1
1934,200,tablet,5+
1935,201,tablet,1
1936,202,tablet,2
1937,203,tablet,2
1938,205,tablet,2
1939,206,tablet,3
1940,207,tablet,3
1941,208,tablet,2
1942,209,tablet,1
1943,210,tablet,3
1944,211,tablet,2
1945,212,tablet,3
1946,213,tablet,1
1947,214,tablet,2
1948,215,tablet,2
1949,216,tablet,2
1950,218,tablet,3
1951,221,tablet,2
1952,222,tablet,3
1953,223,tablet,2
1954,224,tablet,2
1955,225,tablet,1
1956,226,tablet,3
1957,228,tablet,1
1958,229,tablet,2
1959,231,tablet,2
1960,232,tablet,2
1961,233,tablet,2
1962,234,tablet,1
1963,235,tablet,2
1964,236,tablet,3
1965,237,tablet,3
1966,238,tablet,4
1967,239,tablet,2
1968,240,tablet,2
1969,241,tablet,1
1970,242,tablet,5+
1971,243,tablet,3
1972,244,tablet,1
1973,245,tablet,3
1974,246,tablet,5+
1975,247,tablet,1
1976,248,tablet,2
1977,249,tablet,2
1978,250,tablet,2
1979,251,tablet,2
1980,252,tablet,3
1981,253,tablet,1
1982,255,tablet,3
1983,256,tablet,1
1984,257,tablet,2
1985,258,tablet,1
1986,259,tablet,2
1987,260,tablet,3
1988,261,tablet,4
1989,262,tablet,2
1990,263,tablet,3
1991,264,tablet,2
1992,265,tablet,2
1993,266,tablet,3
1994,267,tablet,1
1995,268,tablet,1
1996,269,tablet,3
1997,270,tablet,2
1998,271,tablet,3
1999,272,tablet,2
2000,273,tablet,2
2001,274,tablet,1
2002,275,tablet,2
2003,276,tablet,4
2004,277,tablet,4
2005,278,tablet,2
2006,280,tablet,2
2007,281,tablet,2
2008,282,tablet,2
2009,283,tablet,2
2010,284,tablet,1
2011,285,tablet,1
2012,286,tablet,2
2013,287,tablet,5+
2014,288,tablet,2
2015,289,tablet,2
2016,290,tablet,4
2017,291,tablet,1
2018,292,tablet,3
2019,293,tablet,1
2020,294,tablet,1
2021,295,tablet,1
2022,298,tablet,2
2023,299,tablet,2
2024,300,tablet,1
2025,302,tablet,1
2026,303,tablet,2
2027,306,tablet,2
2028,307,tablet,3
2029,308,tablet,2
2030,309,tablet,1
2031,310,tablet,2
2032,311,tablet,2
2033,313,tablet,2
2034,315,tablet,2
2035,317,tablet,2
2036,318,tablet,2
2037,319,tablet,1
2038,320,tablet,1
2039,321,tablet,2
2040,322,tablet,3
2041,323,tablet,2
2042,325,tablet,2
2043,326,tablet,2
2044,327,tablet,1
2045,328,tablet,2
2046,329,tablet,2
2047,330,tablet,2
2048,331,tablet,1
2049,332,tablet,1
2050,333,tablet,2
2051,334,tablet,3
2052,335,tablet,2
2053,47,smartphone,3
2054,59,smartphone,3
2055,61,smartphone,3
2056,62,smartphone,2
2057,63,smartphone,2
2058,64,smartphone,2
2059,65,smartphone,2
2060,66,smartphone,3
2061,67,smartphone,1
2062,68,smartphone,2
2063,69,smartphone,2
2064,70,smartphone,1
2065,71,smartphone,1
2066,72,smartphone,1
2067,73,smartphone,1
2068,74,smartphone,2
2069,75,smartphone,2
2070,76,smartphone,2
2071,77,smartphone,1
2072,78,smartphone,2
2073,79,smartphone,2
2074,80,smartphone,1
2075,81,smartphone,2
2076,82,smartphone,1
2077,83,smartphone,2
2078,84,smartphone,2
2079,85,smartphone,1
2080,86,smartphone,1
2081,88,smartphone,1
2082,89,smartphone,1
2083,91,smartphone,2
2084,92,smartphone,2
2085,93,smartphone,2
2086,94,smartphone,2
2087,96,smartphone,3
2088,97,smartphone,3
2089,98,smartphone,1
2090,99,smartphone,5+
2091,100,smartphone,1
2092,101,smartphone,1
2093,102,smartphone,1
2094,105,smartphone,1
2095,106,smartphone,1
2096,107,smartphone,5+
2097,109,smartphone,4
2098,110,smartphone,3
2099,113,smartphone,2
2100,114,smartphone,2
2101,116,smartphone,2
2102,117,smartphone,1
2103,118,smartphone,2
2104,119,smartphone,2
2105,120,smartphone,1
2106,121,smartphone,1
2107,122,smartphone,3
2108,123,smartphone,5+
2109,124,smartphone,2
2110,125,smartphone,1
2111,126,smartphone,1
2112,128,smartphone,2
2113,129,smartphone,2
2114,133,smartphone,4
2115,134,smartphone,4
2116,135,smartphone,2
2117,136,smartphone,1
2118,137,smartphone,2
2119,138,smartphone,2
2120,139,smartphone,2
2121,140,smartphone,2
2122,141,smartphone,1
2123,143,smartphone,2
2124,144,smartphone,2
2125,145,smartphone,2
2126,146,smartphone,3
2127,147,smartphone,4
2128,148,smartphone,1
2129,150,smartphone,2
2130,151,smartphone,1
2131,152,smartphone,5+
2132,153,smartphone,3
2133,154,smartphone,2
2134,155,smartphone,2
2135,156,smartphone,2
2136,157,smartphone,1
2137,158,smartphone,2
2138,159,smartphone,2
2139,160,smartphone,2
2140,161,smartphone,2
2141,162,smartphone,3
2142,163,smartphone,2
2143,164,smartphone,3
2144,165,smartphone,2
2145,166,smartphone,3
2146,167,smartphone,2
2147,168,smartphone,5+
2148,169,smartphone,5+
2149,170,smartphone,4
2150,171,smartphone,1
2151,173,smartphone,1
2152,174,smartphone,4
2153,175,smartphone,2
2154,176,smartphone,3
2155,177,smartphone,4
2156,178,smartphone,5+
2157,179,smartphone,1
2158,180,smartphone,3
2159,181,smartphone,3
2160,182,smartphone,4
2161,183,smartphone,2
2162,184,smartphone,2
2163,185,smartphone,2
2164,186,smartphone,2
2165,187,smartphone,3
2166,188,smartphone,2
2167,189,smartphone,3
2168,190,smartphone,3
2169,191,smartphone,2
2170,192,smartphone,4
2171,193,smartphone,1
2172,194,smartphone,1
2173,195,smartphone,3
2174,197,smartphone,1
2175,199,smartphone,4
2176,200,smartphone,5+
2177,201,smartphone,2
2178,202,smartphone,1
2179,203,smartphone,1
2180,205,smartphone,2
2181,206,smartphone,4
2182,207,smartphone,3
2183,208,smartphone,3
2184,209,smartphone,1
2185,210,smartphone,3
2186,211,smartphone,3
2187,212,smartphone,1
2188,213,smartphone,3
2189,214,smartphone,2
2190,215,smartphone,2
2191,216,smartphone,1
2192,218,smartphone,2
2193,219,smartphone,2
2194,221,smartphone,2
2195,222,smartphone,3
2196,223,smartphone,2
2197,224,smartphone,2
2198,225,smartphone,1
2199,226,smartphone,2
2200,227,smartphone,1
2201,228,smartphone,2
2202,229,smartphone,2
2203,230,smartphone,4
2204,231,smartphone,2
2205,232,smartphone,2
2206,233,smartphone,3
2207,234,smartphone,1
2208,235,smartphone,1
2209,236,smartphone,3
2210,237,smartphone,2
2211,238,smartphone,2
2212,239,smartphone,2
2213,240,smartphone,2
2214,241,smartphone,2
2215,242,smartphone,5+
2216,243,smartphone,3
2217,244,smartphone,2
2218,245,smartphone,2
2219,246,smartphone,3
2220,247,smartphone,2
2221,248,smartphone,2
2222,249,smartphone,2
2223,250,smartphone,2
2224,251,smartphone,1
2225,252,smartphone,4
2226,253,smartphone,2
2227,254,smartphone,2
2228,255,smartphone,3
2229,256,smartphone,1
2230,257,smartphone,2
2231,258,smartphone,2
2232,259,smartphone,2
2233,260,smartphone,1
2234,261,smartphone,3
2235,262,smartphone,2
2236,263,smartphone,2
2237,264,smartphone,2
2238,265,smartphone,2
2239,266,smartphone,2
2240,267,smartphone,2
2241,268,smartphone,1
2242,269,smartphone,1
2243,270,smartphone,3
2244,271,smartphone,2
2245,272,smartphone,1
2246,273,smartphone,1
2247,274,smartphone,1
2248,276,smartphone,2
2249,277,smartphone,2
2250,278,smartphone,2
2251,279,smartphone,1
2252,280,smartphone,2
2253,281,smartphone,2
2254,282,smartphone,2
2255,283,smartphone,1
2256,284,smartphone,3
2257,285,smartphone,2
2258,286,smartphone,1
2259,287,smartphone,2
2260,288,smartphone,2
2261,289,smartphone,2
2262,290,smartphone,3
2263,291,smartphone,2
2264,292,smartphone,2
2265,293,smartphone,1
2266,294,smartphone,2
2267,295,smartphone,1
2268,296,smartphone,2
2269,298,smartphone,2
2270,299,smartphone,1
2271,300,smartphone,1
2272,301,smartphone,2
2273,302,smartphone,3
2274,303,smartphone,1
2275,304,smartphone,2
2276,305,smartphone,2
2277,306,smartphone,3
2278,307,smartphone,3
2279,308,smartphone,2
2280,309,smartphone,2
2281,310,smartphone,2
2282,311,smartphone,2
2283,313,smartphone,1
2284,315,smartphone,2
2285,316,smartphone,4
2286,317,smartphone,1
2287,318,smartphone,3
2288,319,smartphone,2
2289,320,smartphone,2
2290,321,smartphone,1
2291,322,smartphone,4
2292,323,smartphone,1
2293,325,smartphone,3
2294,326,smartphone,2
2295,327,smartphone,2
2296,328,smartphone,1
2297,329,smartphone,2
2298,330,smartphone,3
2299,331,smartphone,2
2300,332,smartphone,1
2301,333,smartphone,2
2302,334,smartphone,5+
2303,335,smartphone,2
2304,61,non_smart_phone,1
2305,72,non_smart_phone,2
2306,84,non_smart_phone,1
2307,90,non_smart_phone,1
2308,91,non_smart_phone,1
2309,96,non_smart_phone,1
2310,97,non_smart_phone,2
2311,98,non_smart_phone,1
2312,102,non_smart_phone,2
2313,109,non_smart_phone,1
2314,118,non_smart_phone,1
2315,121,non_smart_phone,1
2316,122,non_smart_phone,1
2317,123,non_smart_phone,1
2318,125,non_smart_phone,1
2319,136,non_smart_phone,3
2320,139,non_smart_phone,1
2321,140,non_smart_phone,1
2322,149,non_smart_phone,1
2323,151,non_smart_phone,1
2324,155,non_smart_phone,1
2325,161,non_smart_phone,1
2326,162,non_smart_phone,1
2327,169,non_smart_phone,1
2328,190,non_smart_phone,1
2329,195,non_smart_phone,1
2330,207,non_smart_phone,5+
2331,208,non_smart_phone,1
2332,219,non_smart_phone,2
2333,230,non_smart_phone,1
2334,233,non_smart_phone,1
2335,235,non_smart_phone,1
2336,246,non_smart_phone,1
2337,249,non_smart_phone,1
2338,252,non_smart_phone,2
2339,263,non_smart_phone,1
2340,268,non_smart_phone,1
2341,271,non_smart_phone,1
2342,273,non_smart_phone,1
2343,283,non_smart_phone,1
2344,292,non_smart_phone,1
2345,296,non_smart_phone,1
2346,298,non_smart_phone,1
2347,299,non_smart_phone,1
2348,306,non_smart_phone,1
2349,307,non_smart_phone,5+
2350,311,non_smart_phone,1
2351,319,non_smart_phone,1
2352,320,non_smart_phone,1
2353,327,non_smart_phone,1
2354,328,non_smart_phone,1
2355,332,non_smart_phone,1
2356,47,other_high_power_1,3
2357,63,other_high_power_1,1
2358,69,other_high_power_1,1
2359,72,other_high_power_1,1
2360,81,other_high_power_1,1
2361,84,other_high_power_1,1
2362,88,other_high_power_1,2
2363,90,other_high_power_1,1
2364,91,other_high_power_1,2
2365,92,other_high_power_1,1
2366,94,other_high_power_1,1
2367,100,other_high_power_1,1
2368,107,other_high_power_1,4
2369,109,other_high_power_1,1
2370,110,other_high_power_1,1
2371,116,other_high_power_1,1
2372,120,other_high_power_1,1
2373,121,other_high_power_1,1
2374,133,other_high_power_1,1
2375,150,other_high_power_1,1
2376,153,other_high_power_1,1
2377,155,other_high_power_1,1
2378,157,other_high_power_1,1
2379,159,other_high_power_1,1
2380,167,other_high_power_1,1
2381,169,other_high_power_1,2
2382,177,other_high_power_1,2
2383,181,other_high_power_1,1
2384,184,other_high_power_1,1
2385,185,other_high_power_1,1
2386,186,other_high_power_1,1
2387,187,other_high_power_1,1
2388,189,other_high_power_1,1
2389,195,other_high_power_1,1
2390,197,other_high_power_1,2
2391,200,other_high_power_1,1
2392,201,other_high_power_1,1
2393,205,other_high_power_1,1
2394,207,other_high_power_1,5+
2395,212,other_high_power_1,1
2396,223,other_high_power_1,1
2397,228,other_high_power_1,1
2398,231,other_high_power_1,1
2399,233,other_high_power_1,1
2400,234,other_high_power_1,1
2401,237,other_high_power_1,1
2402,238,other_high_power_1,1
2403,241,other_high_power_1,1
2404,250,other_high_power_1,1
2405,271,other_high_power_1,1
2406,272,other_high_power_1,1
2407,273,other_high_power_1,1
2408,274,other_high_power_1,1
2409,283,other_high_power_1,1
2410,284,other_high_power_1,1
2411,288,other_high_power_1,2
2412,290,other_high_power_1,1
2413,291,other_high_power_1,1
2414,294,other_high_power_1,1
2415,295,other_high_power_1,1
2416,298,other_high_power_1,1
2417,301,other_high_power_1,1
2418,307,other_high_power_1,1
2419,310,other_high_power_1,1
2420,311,other_high_power_1,1
2421,315,other_high_power_1,1
2422,318,other_high_power_1,1
2423,328,other_high_power_1,1
2424,69,other_high_power_2,1
2425,81,other_high_power_2,1
2426,90,other_high_power_2,1
2427,91,other_high_power_2,1
2428,92,other_high_power_2,1
2429,94,other_high_power_2,1
2430,100,other_high_power_2,1
2431,107,other_high_power_2,4
2432,109,other_high_power_2,1
2433,116,other_high_power_2,1
2434,120,other_high_power_2,1
2435,133,other_high_power_2,1
2436,155,other_high_power_2,1
2437,157,other_high_power_2,1
2438,159,other_high_power_2,1
2439,167,other_high_power_2,1
2440,169,other_high_power_2,1
2441,177,other_high_power_2,1
2442,185,other_high_power_2,1
2443,186,other_high_power_2,1
2444,195,other_high_power_2,1
2445,197,other_high_power_2,1
2446,200,other_high_power_2,1
2447,201,other_high_power_2,1
2448,205,other_high_power_2,1
2449,207,other_high_power_2,5+
2450,212,other_high_power_2,1
2451,223,other_high_power_2,1
2452,238,other_high_power_2,1
2453,241,other_high_power_2,1
2454,271,other_high_power_2,1
2455,272,other_high_power_2,1
2456,274,other_high_power_2,1
2457,283,other_high_power_2,1
2458,284,other_high_power_2,2
2459,291,other_high_power_2,1
2460,295,other_high_power_2,1
2461,298,other_high_power_2,1
2462,301,other_high_power_2,1
2463,315,other_high_power_2,1
2464,318,other_high_power_2,1
2465,328,other_high_power_2,1
2466,81,other_high_power_3,1
2467,92,other_high_power_3,1
2468,94,other_high_power_3,1
2469,157,other_high_power_3,1
2470,167,other_high_power_3,1
2471,169,other_high_power_3,1
2472,177,other_high_power_3,1
2473,185,other_high_power_3,1
2474,195,other_high_power_3,1
2475,200,other_high_power_3,1
2476,201,other_high_power_3,1
2477,207,other_high_power_3,5+
2478,212,other_high_power_3,1
2479,223,other_high_power_3,1
2480,283,other_high_power_3,1
2481,291,other_high_power_3,1
2482,295,other_high_power_3,1
2483,298,other_high_power_3,1
2484,301,other_high_power_3,1
2485,318,other_high_power_3,1
2486,81,other_high_power_4,2
2487,92,other_high_power_4,5+
2488,94,other_high_power_4,2
2489,169,other_high_power_4,1
2490,177,other_high_power_4,1
2491,185,other_high_power_4,1
2492,195,other_high_power_4,1
2493,200,other_high_power_4,1
2494,207,other_high_power_4,5+
2495,212,other_high_power_4,1
2496,223,other_high_power_4,1
2497,283,other_high_power_4,1
2498,295,other_high_power_4,1
2499,298,other_high_power_4,1
2500,318,other_high_power_4,1
2501,47,motor_vehicle,1
2502,59,motor_vehicle,1
2503,61,motor_vehicle,2
2504,63,motor_vehicle,1
2505,64,motor_vehicle,1
2506,65,motor_vehicle,3
2507,66,motor_vehicle,1
2508,67,motor_vehicle,2
2509,68,motor_vehicle,2
2510,69,motor_vehicle,1
2511,70,motor_vehicle,1
2512,74,motor_vehicle,1
2513,75,motor_vehicle,1
2514,76,motor_vehicle,1
2515,77,motor_vehicle,1
2516,78,motor_vehicle,1
2517,79,motor_vehicle,1
2518,81,motor_vehicle,2
2519,82,motor_vehicle,1
2520,83,motor_vehicle,1
2521,84,motor_vehicle,1
2522,85,motor_vehicle,1
2523,86,motor_vehicle,2
2524,88,motor_vehicle,1
2525,89,motor_vehicle,1
2526,91,motor_vehicle,1
2527,94,motor_vehicle,1
2528,96,motor_vehicle,2
2529,97,motor_vehicle,1
2530,99,motor_vehicle,1
2531,100,motor_vehicle,1
2532,102,motor_vehicle,2
2533,105,motor_vehicle,1
2534,106,motor_vehicle,1
2535,107,motor_vehicle,1
2536,109,motor_vehicle,2
2537,110,motor_vehicle,2
2538,113,motor_vehicle,2
2539,115,motor_vehicle,1
2540,116,motor_vehicle,1
2541,119,motor_vehicle,1
2542,122,motor_vehicle,1
2543,123,motor_vehicle,1
2544,124,motor_vehicle,2
2545,128,motor_vehicle,1
2546,129,motor_vehicle,1
2547,133,motor_vehicle,1
2548,134,motor_vehicle,1
2549,137,motor_vehicle,1
2550,138,motor_vehicle,2
2551,141,motor_vehicle,1
2552,144,motor_vehicle,1
2553,146,motor_vehicle,2
2554,148,motor_vehicle,1
2555,149,motor_vehicle,1
2556,150,motor_vehicle,1
2557,151,motor_vehicle,1
2558,152,motor_vehicle,1
2559,154,motor_vehicle,2
2560,155,motor_vehicle,1
2561,157,motor_vehicle,1
2562,158,motor_vehicle,1
2563,160,motor_vehicle,1
2564,161,motor_vehicle,2
2565,162,motor_vehicle,1
2566,163,motor_vehicle,2
2567,164,motor_vehicle,2
2568,165,motor_vehicle,2
2569,166,motor_vehicle,2
2570,167,motor_vehicle,1
2571,168,motor_vehicle,2
2572,169,motor_vehicle,3
2573,170,motor_vehicle,2
2574,171,motor_vehicle,1
2575,173,motor_vehicle,1
2576,174,motor_vehicle,3
2577,175,motor_vehicle,2
2578,176,motor_vehicle,3
2579,177,motor_vehicle,1
2580,178,motor_vehicle,2
2581,180,motor_vehicle,1
2582,181,motor_vehicle,1
2583,183,motor_vehicle,1
2584,184,motor_vehicle,2
2585,185,motor_vehicle,1
2586,187,motor_vehicle,2
2587,188,motor_vehicle,1
2588,189,motor_vehicle,1
2589,191,motor_vehicle,1
2590,192,motor_vehicle,1
2591,193,motor_vehicle,1
2592,194,motor_vehicle,1
2593,195,motor_vehicle,1
2594,197,motor_vehicle,1
2595,199,motor_vehicle,3
2596,200,motor_vehicle,3
2597,202,motor_vehicle,1
2598,205,motor_vehicle,1
2599,206,motor_vehicle,2
2600,210,motor_vehicle,1
2601,211,motor_vehicle,1
2602,212,motor_vehicle,1
2603,214,motor_vehicle,2
2604,215,motor_vehicle,1
2605,219,motor_vehicle,1
2606,221,motor_vehicle,1
2607,222,motor_vehicle,1
2608,223,motor_vehicle,1
2609,225,motor_vehicle,1
2610,226,motor_vehicle,1
2611,228,motor_vehicle,1
2612,229,motor_vehicle,1
2613,230,motor_vehicle,1
2614,231,motor_vehicle,2
2615,232,motor_vehicle,1
2616,233,motor_vehicle,1
2617,235,motor_vehicle,1
2618,236,motor_vehicle,2
2619,237,motor_vehicle,1
2620,238,motor_vehicle,1
2621,239,motor_vehicle,1
2622,240,motor_vehicle,1
2623,241,motor_vehicle,1
2624,242,motor_vehicle,1
2625,243,motor_vehicle,1
2626,244,motor_vehicle,1
2627,245,motor_vehicle,1
2628,246,motor_vehicle,2
2629,247,motor_vehicle,1
2630,250,motor_vehicle,1
2631,251,motor_vehicle,1
2632,252,motor_vehicle,1
2633,253,motor_vehicle,1
2634,254,motor_vehicle,2
2635,255,motor_vehicle,1
2636,256,motor_vehicle,1
2637,257,motor_vehicle,1
2638,259,motor_vehicle,1
2639,260,motor_vehicle,2
2640,261,motor_vehicle,1
2641,262,motor_vehicle,1
2642,263,motor_vehicle,2
2643,264,motor_vehicle,2
2644,265,motor_vehicle,1
2645,266,motor_vehicle,1
2646,268,motor_vehicle,1
2647,270,motor_vehicle,1
2648,271,motor_vehicle,2
2649,273,motor_vehicle,2
2650,276,motor_vehicle,1
2651,278,motor_vehicle,1
2652,279,motor_vehicle,1
2653,280,motor_vehicle,2
2654,281,motor_vehicle,2
2655,282,motor_vehicle,1
2656,283,motor_vehicle,1
2657,284,motor_vehicle,1
2658,285,motor_vehicle,2
2659,286,motor_vehicle,1
2660,287,motor_vehicle,1
2661,288,motor_vehicle,1
2662,289,motor_vehicle,1
2663,290,motor_vehicle,2
2664,291,motor_vehicle,1
2665,293,motor_vehicle,2
2666,298,motor_vehicle,2
2667,301,motor_vehicle,2
2668,302,motor_vehicle,1
2669,303,motor_vehicle,1
2670,304,motor_vehicle,1
2671,305,motor_vehicle,3
2672,306,motor_vehicle,2
2673,307,motor_vehicle,2
2674,308,motor_vehicle,1
2675,310,motor_vehicle,2
2676,313,motor_vehicle,1
2677,315,motor_vehicle,1
2678,316,motor_vehicle,2
2679,317,motor_vehicle,1
2680,318,motor_vehicle,1
2681,319,motor_vehicle,1
2682,321,motor_vehicle,1
2683,323,motor_vehicle,1
2684,325,motor_vehicle,2
2685,326,motor_vehicle,1
2686,327,motor_vehicle,2
2687,328,motor_vehicle,1
2688,329,motor_vehicle,1
2689,330,motor_vehicle,1
2690,331,motor_vehicle,1
2691,332,motor_vehicle,1
2692,334,motor_vehicle,1
2693,335,motor_vehicle,2
